,tweet,conll,true,predicted
0,pure trash ,"1	pure	_	A	A	_	2	_	_	_
2	trash	_	N	N	_	0	_	_	_",-1,1
1,  last thought before bed: in '92 we had a mock election in 3rd grade and i voted for perot. maybe i related to his rea,"1	last	_	A	A	_	2	_	_	_
2	thought	_	V	V	_	0	_	_	_
3	before	_	P	P	_	2	_	_	_
4	bed	_	N	N	_	3	_	_	_
5	:	_	,	,	_	-1	_	_	_
6	in	_	P	P	_	4	_	_	_
7	'	_	,	,	_	-1	_	_	_
8	92	_	$	$	_	6	_	_	_
9	we	_	O	O	_	10	_	_	_
10	had	_	V	V	_	17	CONJ	_	_
11	a	_	D	D	_	13	_	_	_
12	mock	_	A	A	_	13	_	_	_
13	election	_	N	N	_	10	_	_	_
14	in	_	P	P	_	10	_	_	_
15	3rd	_	A	A	_	16	_	_	_
16	grade	_	N	N	_	14	_	_	_
17	and	_	&	&	_	0	_	_	_
18	i	_	O	O	_	19	_	_	_
19	voted	_	V	V	_	17	CONJ	_	_
20	for	_	P	P	_	19	_	_	_
21	perot	_	N	N	_	20	_	_	_
22	.	_	,	,	_	-1	_	_	_
23	maybe	_	R	R	_	0	_	_	_
24	i	_	O	O	_	25	_	_	_
25	related	_	V	V	_	23	_	_	_
26	to	_	P	P	_	25	_	_	_
27	his	_	D	D	_	26	_	_	_
28	rea	_	G	G	_	-1	_	_	_",1,-1
2,ah nigga dat cares about opinions and get involve in hoe shit either gay broke or ain't getting enough pussy,"1	ah	_	!	!	_	0	_	_	_
2	nigga	_	!	!	_	0	_	_	_
3	dat	_	O	O	_	4	_	_	_
4	cares	_	V	V	_	7	CONJ	_	_
5	about	_	P	P	_	4	_	_	_
6	opinions	_	N	N	_	4	_	_	_
7	and	_	&	&	_	0	_	_	_
8	get	_	V	V	_	7	CONJ	_	_
9	involve	_	V	V	_	8	_	_	_
10	in	_	P	P	_	9	_	_	_
11	hoe	_	N	N	_	12	_	_	_
12	shit	_	N	N	_	10	_	_	_
13	either	_	D	D	_	16	_	_	_
14	gay	_	A	A	_	15	_	_	_
15	broke	_	A	A	_	16	CONJ	_	_
16	or	_	&	&	_	5	_	_	_
17	ain't	_	V	V	_	16	CONJ	_	_
18	getting	_	V	V	_	17	_	_	_
19	enough	_	A	A	_	20	_	_	_
20	pussy	_	N	N	_	18	_	_	_",-1,1
3,  mine too    this ma niggah  ,"1	mine	_	O	O	_	2	_	_	_
2	too	_	R	R	_	3	_	_	_
3	this	_	O	O	_	0	_	_	_
4	ma	_	D	D	_	5	_	_	_
5	niggah	_	N	N	_	3	_	_	_",-1,1
4,  i hate hoe ass people.,"1	i	_	O	O	_	2	_	_	_
2	hate	_	V	V	_	0	_	_	_
3	hoe	_	N	N	_	5	_	_	_
4	ass	_	N	N	_	5	_	_	_
5	people	_	N	N	_	2	_	_	_
6	.	_	,	,	_	-1	_	_	_",-1,1
5,the fucking royals bitch work,"1	the	_	D	D	_	3	_	_	_
2	fucking	_	A	A	_	3	_	_	_
3	royals	_	^	^	_	4	_	_	_
4	bitch	_	N	N	_	5	_	_	_
5	work	_	N	N	_	0	_	_	_",-1,1
6,tired of these butthurt  commercials. ya phones trash b.. we don't want em,"1	tired	_	A	A	_	0	_	_	_
2	of	_	P	P	_	1	_	_	_
3	these	_	D	D	_	5	_	_	_
4	butthurt	_	A	A	_	5	_	_	_
5	commercials	_	N	N	_	2	_	_	_
6	.	_	,	,	_	-1	_	_	_
7	ya	_	D	D	_	10	_	_	_
8	phones	_	N	N	_	9	MWE	_	_
9	trash	_	N	N	_	10	MWE	_	_
10	b	_	N	N	_	0	_	_	_
11	..	_	,	,	_	-1	_	_	_
12	we	_	O	O	_	13	_	_	_
13	don't	_	V	V	_	0	_	_	_
14	want	_	V	V	_	13	_	_	_
15	em	_	O	O	_	14	_	_	_",1,-1
7,   oh....i know dude. i just went off on his ass i'm done with that faggot,"1	oh	_	!	!	_	0	_	_	_
2	....	_	,	,	_	-1	_	_	_
3	i	_	O	O	_	4	_	_	_
4	know	_	V	V	_	0	_	_	_
5	dude	_	N	N	_	4	_	_	_
6	.	_	,	,	_	-1	_	_	_
7	i	_	O	O	_	9	_	_	_
8	just	_	R	R	_	9	_	_	_
9	went	_	V	V	_	0	_	_	_
10	off	_	T	T	_	9	MWE	_	_
11	on	_	P	P	_	9	_	_	_
12	his	_	D	D	_	13	_	_	_
13	ass	_	N	N	_	11	_	_	_
14	i'm	_	L	L	_	0	_	_	_
15	done	_	V	V	_	14	_	_	_
16	with	_	P	P	_	15	_	_	_
17	that	_	D	D	_	18	_	_	_
18	faggot	_	N	N	_	16	_	_	_",1,-1
8,  ann coulter admits on fox news that america has a negro problem. crime tcot gettingreal,"1	ann	_	^	^	_	2	MWE	_	_
2	coulter	_	^	^	_	3	_	_	_
3	admits	_	V	V	_	0	_	_	_
4	on	_	P	P	_	3	_	_	_
5	fox	_	^	^	_	6	_	_	_
6	news	_	N	N	_	4	_	_	_
7	that	_	P	P	_	3	_	_	_
8	america	_	^	^	_	9	_	_	_
9	has	_	V	V	_	7	_	_	_
10	a	_	D	D	_	12	_	_	_
11	negro	_	N	N	_	12	_	_	_
12	problem	_	N	N	_	9	_	_	_
13	.	_	,	,	_	-1	_	_	_
14	crime	_	N	N	_	15	_	_	_
15	tcot	_	N	N	_	16	_	_	_
16	gettingreal	_	V	V	_	0	_	_	_",-1,1
9,stupid loose pussyed bitch,"1	stupid	_	A	A	_	4	_	_	_
2	loose	_	A	A	_	4	_	_	_
3	pussyed	_	N	N	_	4	_	_	_
4	bitch	_	N	N	_	0	_	_	_",-1,1
10,  us ghettos-driven by liberal ideology; forged by unions ; bankrupted by self-serving dems catering to parasitestcot http://,"1	us	_	O	O	_	2	_	_	_
2	ghettos-driven	_	N	N	_	0	_	_	_
3	by	_	P	P	_	2	_	_	_
4	liberal	_	A	A	_	5	_	_	_
5	ideology	_	N	N	_	3	_	_	_
6	;	_	,	,	_	-1	_	_	_
7	forged	_	V	V	_	0	_	_	_
8	by	_	P	P	_	7	_	_	_
9	unions	_	N	N	_	8	_	_	_
10	;	_	,	,	_	-1	_	_	_
11	bankrupted	_	V	V	_	0	_	_	_
12	by	_	P	P	_	11	_	_	_
13	self-serving	_	A	A	_	15	_	_	_
14	dems	_	N	N	_	15	_	_	_
15	catering	_	N	N	_	12	_	_	_
16	to	_	P	P	_	11	_	_	_
17	parasitestcot	_	V	V	_	16	_	_	_
18	http://	_	U	U	_	-1	_	_	_",-1,1
11,  you smell like weed... and bitch you smell like sober.,"1	you	_	O	O	_	2	_	_	_
2	smell	_	V	V	_	6	CONJ	_	_
3	like	_	P	P	_	2	_	_	_
4	weed	_	N	N	_	3	_	_	_
5	...	_	,	,	_	-1	_	_	_
6	and	_	&	&	_	0	_	_	_
7	bitch	_	N	N	_	6	CONJ	_	_
8	you	_	O	O	_	9	_	_	_
9	smell	_	V	V	_	0	_	_	_
10	like	_	P	P	_	9	_	_	_
11	sober	_	A	A	_	10	_	_	_
12	.	_	,	,	_	-1	_	_	_",1,-1
12,that pic is now circulated by jihadis with a call to kill him.  saudi isis syria,"1	that	_	D	D	_	2	_	_	_
2	pic	_	N	N	_	3	_	_	_
3	is	_	V	V	_	0	_	_	_
4	now	_	R	R	_	5	_	_	_
5	circulated	_	V	V	_	3	_	_	_
6	by	_	P	P	_	5	_	_	_
7	jihadis	_	^	^	_	6	_	_	_
8	with	_	P	P	_	5	_	_	_
9	a	_	D	D	_	10	_	_	_
10	call	_	N	N	_	8	_	_	_
11	to	_	P	P	_	10	_	_	_
12	kill	_	V	V	_	11	_	_	_
13	him	_	O	O	_	12	_	_	_
14	.	_	,	,	_	-1	_	_	_
15	saudi	_	G	G	_	16	MWE	_	_
16	isis	_	^	^	_	17	MWE	_	_
17	syria	_	^	^	_	0	_	_	_",-1,1
13,  you got niggas ; i got bitches,"1	you	_	O	O	_	2	_	_	_
2	got	_	V	V	_	0	_	_	_
3	niggas	_	N	N	_	2	_	_	_
4	;	_	,	,	_	-1	_	_	_
5	i	_	O	O	_	6	_	_	_
6	got	_	V	V	_	0	_	_	_
7	bitches	_	N	N	_	6	_	_	_",-1,1
14,stuck up serious bitches are possibly the worst type of girls. ever.,"1	stuck	_	V	V	_	0	_	_	_
2	up	_	T	T	_	1	MWE	_	_
3	serious	_	A	A	_	4	_	_	_
4	bitches	_	N	N	_	5	_	_	_
5	are	_	V	V	_	0	_	_	_
6	possibly	_	R	R	_	5	_	_	_
7	the	_	D	D	_	9	_	_	_
8	worst	_	A	A	_	9	_	_	_
9	type	_	N	N	_	5	_	_	_
10	of	_	P	P	_	9	_	_	_
11	girls	_	N	N	_	10	_	_	_
12	.	_	,	,	_	-1	_	_	_
13	ever	_	R	R	_	5	_	_	_
14	.	_	,	,	_	-1	_	_	_",-1,1
15,hoe ass nigga ,"1	hoe	_	N	N	_	3	_	_	_
2	ass	_	N	N	_	3	_	_	_
3	nigga	_	N	N	_	0	_	_	_",-1,1
16,  bitches be fallin so inlove w. niggass ; then he go get a new bitch ; they try go get a new nigga to try to forget about the ,"1	bitches	_	N	N	_	2	_	_	_
2	be	_	V	V	_	0	_	_	_
3	fallin	_	V	V	_	2	_	_	_
4	so	_	P	P	_	3	_	_	_
5	inlove	_	V	V	_	4	_	_	_
6	w	_	P	P	_	5	_	_	_
7	.	_	,	,	_	-1	_	_	_
8	niggass	_	N	N	_	0	_	_	_
9	;	_	,	,	_	-1	_	_	_
10	then	_	R	R	_	0	_	_	_
11	he	_	O	O	_	12	_	_	_
12	go	_	V	V	_	10	_	_	_
13	get	_	V	V	_	12	_	_	_
14	a	_	D	D	_	16	_	_	_
15	new	_	A	A	_	16	_	_	_
16	bitch	_	N	N	_	13	_	_	_
17	;	_	,	,	_	-1	_	_	_
18	they	_	O	O	_	19	_	_	_
19	try	_	V	V	_	0	_	_	_
20	go	_	V	V	_	19	_	_	_
21	get	_	V	V	_	20	_	_	_
22	a	_	D	D	_	24	_	_	_
23	new	_	A	A	_	24	_	_	_
24	nigga	_	N	N	_	21	_	_	_
25	to	_	P	P	_	21	_	_	_
26	try	_	V	V	_	25	_	_	_
27	to	_	P	P	_	26	_	_	_
28	forget	_	V	V	_	27	_	_	_
29	about	_	P	P	_	28	_	_	_
30	the	_	D	D	_	29	_	_	_",-1,1
17,  this vine still funny as shit to me how many niggers are in my store? ,"1	this	_	D	D	_	2	_	_	_
2	vine	_	N	N	_	0	_	_	_
3	still	_	R	R	_	4	_	_	_
4	funny	_	A	A	_	0	_	_	_
5	as	_	P	P	_	4	_	_	_
6	shit	_	N	N	_	5	_	_	_
7	to	_	P	P	_	6	_	_	_
8	me	_	O	O	_	7	_	_	_
9	how	_	R	R	_	10	_	_	_
10	many	_	A	A	_	11	_	_	_
11	niggers	_	N	N	_	12	_	_	_
12	are	_	V	V	_	0	_	_	_
13	in	_	P	P	_	12	_	_	_
14	my	_	D	D	_	15	_	_	_
15	store	_	N	N	_	13	_	_	_
16	?	_	,	,	_	-1	_	_	_",-1,1
18,they shot another monkey lmaooooooooooo,"1	they	_	O	O	_	2	_	_	_
2	shot	_	V	V	_	0	_	_	_
3	another	_	D	D	_	4	_	_	_
4	monkey	_	N	N	_	2	_	_	_
5	lmaooooooooooo	_	!	!	_	0	_	_	_",-1,1
19,smh hate that hoe,"1	smh	_	G	G	_	-1	_	_	_
2	hate	_	V	V	_	0	_	_	_
3	that	_	D	D	_	4	_	_	_
4	hoe	_	N	N	_	2	_	_	_",-1,1
20,   not in florida retard,"1	not	_	R	R	_	2	_	_	_
2	in	_	P	P	_	0	_	_	_
3	florida	_	^	^	_	4	_	_	_
4	retard	_	N	N	_	2	_	_	_",1,-1
21,"  this beat deserves hennessey, a bad bitch, ; a bag of weed. the holy trinity","1	this	_	D	D	_	2	_	_	_
2	beat	_	N	N	_	3	_	_	_
3	deserves	_	V	V	_	0	_	_	_
4	hennessey	_	^	^	_	3	_	_	_
5	,	_	,	,	_	-1	_	_	_
6	a	_	D	D	_	8	_	_	_
7	bad	_	A	A	_	8	_	_	_
8	bitch	_	N	N	_	4	_	_	_
9	,	_	,	,	_	-1	_	_	_
10	;	_	,	,	_	-1	_	_	_
11	a	_	D	D	_	12	_	_	_
12	bag	_	N	N	_	0	_	_	_
13	of	_	P	P	_	12	_	_	_
14	weed	_	N	N	_	13	_	_	_
15	.	_	,	,	_	-1	_	_	_
16	the	_	D	D	_	18	_	_	_
17	holy	_	A	A	_	0	_	_	_
18	trinity	_	^	^	_	17	_	_	_",1,-1
22,"so you don't want to see the true life story of american heroes, bizzy, lazy, krayzie ; wish... you wanna watch hillbillies shoot pumpkins","1	so	_	P	P	_	0	_	_	_
2	you	_	O	O	_	3	_	_	_
3	don't	_	V	V	_	1	_	_	_
4	want	_	V	V	_	3	_	_	_
5	to	_	P	P	_	4	_	_	_
6	see	_	V	V	_	5	_	_	_
7	the	_	D	D	_	10	_	_	_
8	true	_	A	A	_	10	_	_	_
9	life	_	N	N	_	10	_	_	_
10	story	_	N	N	_	6	_	_	_
11	of	_	P	P	_	10	_	_	_
12	american	_	^	^	_	13	MWE	_	_
13	heroes	_	^	^	_	11	_	_	_
14	,	_	,	,	_	-1	_	_	_
15	bizzy	_	A	A	_	0	_	_	_
16	,	_	,	,	_	-1	_	_	_
17	lazy	_	A	A	_	0	_	_	_
18	,	_	,	,	_	-1	_	_	_
19	krayzie	_	^	^	_	17	_	_	_
20	;	_	,	,	_	-1	_	_	_
21	wish	_	V	V	_	0	_	_	_
22	...	_	,	,	_	-1	_	_	_
23	you	_	O	O	_	24	_	_	_
24	wanna	_	V	V	_	0	_	_	_
25	watch	_	V	V	_	24	_	_	_
26	hillbillies	_	N	N	_	25	_	_	_
27	shoot	_	V	V	_	25	_	_	_
28	pumpkins	_	N	N	_	27	_	_	_",1,-1
23,"you the bitch nigga type, you ain't never had a fight.","1	you	_	O	O	_	0	_	_	_
2	the	_	D	D	_	5	_	_	_
3	bitch	_	N	N	_	5	_	_	_
4	nigga	_	N	N	_	5	_	_	_
5	type	_	N	N	_	0	_	_	_
6	,	_	,	,	_	-1	_	_	_
7	you	_	O	O	_	8	_	_	_
8	ain't	_	V	V	_	0	_	_	_
9	never	_	R	R	_	10	_	_	_
10	had	_	V	V	_	8	_	_	_
11	a	_	D	D	_	12	_	_	_
12	fight	_	N	N	_	10	_	_	_
13	.	_	,	,	_	-1	_	_	_",1,-1
24, at least 3. late tho. cuz adrenaline and emotion gonna carry them bitches until halftime.,"1	at	_	P	P	_	0	_	_	_
2	least	_	A	A	_	3	_	_	_
3	3	_	$	$	_	1	_	_	_
4	.	_	,	,	_	-1	_	_	_
5	late	_	A	A	_	0	_	_	_
6	tho	_	R	R	_	5	_	_	_
7	.	_	,	,	_	-1	_	_	_
8	cuz	_	P	P	_	0	_	_	_
9	adrenaline	_	N	N	_	10	CONJ	_	_
10	and	_	&	&	_	8	_	_	_
11	emotion	_	N	N	_	10	CONJ	_	_
12	gonna	_	V	V	_	8	_	_	_
13	carry	_	V	V	_	12	_	_	_
14	them	_	D	D	_	15	_	_	_
15	bitches	_	N	N	_	13	_	_	_
16	until	_	P	P	_	13	_	_	_
17	halftime	_	N	N	_	16	_	_	_
18	.	_	,	,	_	-1	_	_	_",1,-1
25,  if i was obama id call a press conference ; slit joe bidens neck on live tv just 2 show these crackers i mean business,"1	if	_	P	P	_	11	_	_	_
2	i	_	O	O	_	3	_	_	_
3	was	_	V	V	_	1	_	_	_
4	obama	_	^	^	_	3	_	_	_
5	id	_	L	L	_	6	_	_	_
6	call	_	V	V	_	3	_	_	_
7	a	_	D	D	_	9	_	_	_
8	press	_	N	N	_	9	_	_	_
9	conference	_	N	N	_	6	_	_	_
10	;	_	,	,	_	-1	_	_	_
11	slit	_	V	V	_	0	_	_	_
12	joe	_	^	^	_	14	_	_	_
13	bidens	_	^	^	_	14	_	_	_
14	neck	_	N	N	_	11	_	_	_
15	on	_	P	P	_	11	_	_	_
16	live	_	A	A	_	17	_	_	_
17	tv	_	N	N	_	15	_	_	_
18	just	_	R	R	_	20	_	_	_
19	2	_	$	$	_	20	_	_	_
20	show	_	N	N	_	11	_	_	_
21	these	_	D	D	_	22	_	_	_
22	crackers	_	N	N	_	11	_	_	_
23	i	_	O	O	_	24	_	_	_
24	mean	_	V	V	_	0	_	_	_
25	business	_	N	N	_	24	_	_	_",-1,1
26,"it means that im following orders and being subordinate. sue me, ya dyke","1	it	_	O	O	_	2	_	_	_
2	means	_	V	V	_	0	_	_	_
3	that	_	O	O	_	2	_	_	_
4	im	_	L	L	_	5	_	_	_
5	following	_	V	V	_	7	CONJ	_	_
6	orders	_	N	N	_	5	_	_	_
7	and	_	&	&	_	3	_	_	_
8	being	_	V	V	_	7	CONJ	_	_
9	subordinate	_	N	N	_	8	_	_	_
10	.	_	,	,	_	-1	_	_	_
11	sue	_	V	V	_	0	_	_	_
12	me	_	O	O	_	11	_	_	_
13	,	_	,	,	_	-1	_	_	_
14	ya	_	D	D	_	15	_	_	_
15	dyke	_	N	N	_	0	_	_	_",-1,1
27,  pity parties are trash ; i don't throw them .,"1	pity	_	N	N	_	2	_	_	_
2	parties	_	N	N	_	3	_	_	_
3	are	_	V	V	_	0	_	_	_
4	trash	_	N	N	_	3	_	_	_
5	;	_	,	,	_	-1	_	_	_
6	i	_	O	O	_	7	_	_	_
7	don't	_	V	V	_	0	_	_	_
8	throw	_	V	V	_	7	_	_	_
9	them	_	O	O	_	8	_	_	_
10	.	_	,	,	_	-1	_	_	_",1,-1
28, ''single af'' we don't care you're ugly anyways  me pussy,"1	''	_	,	,	_	-1	_	_	_
2	single	_	A	A	_	3	_	_	_
3	af	_	N	N	_	0	_	_	_
4	''	_	,	,	_	-1	_	_	_
5	we	_	O	O	_	6	_	_	_
6	don't	_	V	V	_	0	_	_	_
7	care	_	V	V	_	6	_	_	_
8	you're	_	L	L	_	7	_	_	_
9	ugly	_	A	A	_	8	_	_	_
10	anyways	_	P	P	_	9	_	_	_
11	me	_	O	O	_	10	_	_	_
12	pussy	_	N	N	_	0	_	_	_",1,-1
29,just saw a lady that looks like honey boo boos mom. goddamn that bitch is ugly.,"1	just	_	R	R	_	2	_	_	_
2	saw	_	V	V	_	0	_	_	_
3	a	_	D	D	_	4	_	_	_
4	lady	_	N	N	_	2	_	_	_
5	that	_	P	P	_	4	_	_	_
6	looks	_	V	V	_	5	_	_	_
7	like	_	P	P	_	6	_	_	_
8	honey	_	N	N	_	11	_	_	_
9	boo	_	N	N	_	11	_	_	_
10	boos	_	N	N	_	11	_	_	_
11	mom	_	N	N	_	7	_	_	_
12	.	_	,	,	_	-1	_	_	_
13	goddamn	_	!	!	_	0	_	_	_
14	that	_	D	D	_	15	_	_	_
15	bitch	_	N	N	_	16	_	_	_
16	is	_	V	V	_	0	_	_	_
17	ugly	_	A	A	_	16	_	_	_
18	.	_	,	,	_	-1	_	_	_",1,-1
30,your bitch choosing just let'r,"1	your	_	D	D	_	2	_	_	_
2	bitch	_	N	N	_	3	_	_	_
3	choosing	_	V	V	_	0	_	_	_
4	just	_	R	R	_	5	_	_	_
5	let'r	_	V	V	_	3	_	_	_",1,-1
31,you should have to be over 6 foot and 220 lbs to buy a truck. we know most of you get em cause you're scrawny country pussies.,"1	you	_	O	O	_	2	_	_	_
2	should	_	V	V	_	0	_	_	_
3	have	_	V	V	_	2	_	_	_
4	to	_	P	P	_	3	_	_	_
5	be	_	V	V	_	4	_	_	_
6	over	_	P	P	_	5	_	_	_
7	6	_	$	$	_	8	_	_	_
8	foot	_	N	N	_	9	CONJ	_	_
9	and	_	&	&	_	6	_	_	_
10	220	_	$	$	_	11	_	_	_
11	lbs	_	N	N	_	9	CONJ	_	_
12	to	_	P	P	_	2	_	_	_
13	buy	_	V	V	_	12	_	_	_
14	a	_	D	D	_	15	_	_	_
15	truck	_	N	N	_	13	_	_	_
16	.	_	,	,	_	-1	_	_	_
17	we	_	O	O	_	18	_	_	_
18	know	_	V	V	_	0	_	_	_
19	most	_	R	R	_	18	_	_	_
20	of	_	P	P	_	19	_	_	_
21	you	_	O	O	_	22	_	_	_
22	get	_	V	V	_	19	_	_	_
23	em	_	O	O	_	22	_	_	_
24	cause	_	P	P	_	22	_	_	_
25	you're	_	L	L	_	24	_	_	_
26	scrawny	_	A	A	_	28	_	_	_
27	country	_	N	N	_	28	_	_	_
28	pussies	_	N	N	_	25	_	_	_
29	.	_	,	,	_	-1	_	_	_",1,-1
32,bitches be like i'm mixed wit italian chinese nd african american i be like bitch just cuz you ate ur ,"1	bitches	_	N	N	_	2	_	_	_
2	be	_	V	V	_	0	_	_	_
3	like	_	P	P	_	2	_	_	_
4	i'm	_	L	L	_	3	_	_	_
5	mixed	_	A	A	_	4	_	_	_
6	wit	_	P	P	_	5	_	_	_
7	italian	_	A	A	_	8	_	_	_
8	chinese	_	N	N	_	9	CONJ	_	_
9	nd	_	&	&	_	6	_	_	_
10	african	_	^	^	_	11	MWE	_	_
11	american	_	^	^	_	9	CONJ	_	_
12	i	_	O	O	_	13	_	_	_
13	be	_	V	V	_	0	_	_	_
14	like	_	P	P	_	13	_	_	_
15	bitch	_	N	N	_	14	_	_	_
16	just	_	R	R	_	17	_	_	_
17	cuz	_	P	P	_	13	_	_	_
18	you	_	O	O	_	19	_	_	_
19	ate	_	V	V	_	17	_	_	_
20	ur	_	L	L	_	19	_	_	_",-1,1
33,  faggot,1	faggot	_	N	N	_	0	_	_	_,1,-1
34,roman catholics in the us are trash. they give catholics in europe a bad name.,"1	roman	_	^	^	_	2	_	_	_
2	catholics	_	N	N	_	0	_	_	_
3	in	_	P	P	_	2	_	_	_
4	the	_	D	D	_	3	_	_	_
5	us	_	O	O	_	6	_	_	_
6	are	_	V	V	_	0	_	_	_
7	trash	_	N	N	_	6	_	_	_
8	.	_	,	,	_	-1	_	_	_
9	they	_	O	O	_	10	_	_	_
10	give	_	V	V	_	0	_	_	_
11	catholics	_	N	N	_	10	_	_	_
12	in	_	P	P	_	10	_	_	_
13	europe	_	^	^	_	16	_	_	_
14	a	_	D	D	_	16	_	_	_
15	bad	_	A	A	_	16	_	_	_
16	name	_	N	N	_	12	_	_	_
17	.	_	,	,	_	-1	_	_	_",-1,1
35,all these bitches know that you're my nigga ,"1	all	_	X	X	_	3	_	_	_
2	these	_	D	D	_	3	_	_	_
3	bitches	_	N	N	_	4	_	_	_
4	know	_	V	V	_	0	_	_	_
5	that	_	P	P	_	4	_	_	_
6	you're	_	L	L	_	5	_	_	_
7	my	_	D	D	_	8	_	_	_
8	nigga	_	N	N	_	6	_	_	_",1,-1
36,i hate hoes.,"1	i	_	O	O	_	2	_	_	_
2	hate	_	V	V	_	0	_	_	_
3	hoes	_	N	N	_	2	_	_	_
4	.	_	,	,	_	-1	_	_	_",-1,1
37,'in your own shit now pussy what a joke you'd end up just like all the rest no show chicken shit mother fucker,"1	'	_	,	,	_	-1	_	_	_
2	in	_	P	P	_	0	_	_	_
3	your	_	D	D	_	5	_	_	_
4	own	_	A	A	_	5	_	_	_
5	shit	_	N	N	_	2	_	_	_
6	now	_	R	R	_	2	_	_	_
7	pussy	_	N	N	_	0	_	_	_
8	what	_	O	O	_	7	_	_	_
9	a	_	D	D	_	10	_	_	_
10	joke	_	N	N	_	8	_	_	_
11	you'd	_	L	L	_	0	_	_	_
12	end	_	V	V	_	11	_	_	_
13	up	_	T	T	_	12	MWE	_	_
14	just	_	R	R	_	15	_	_	_
15	like	_	P	P	_	12	_	_	_
16	all	_	X	X	_	17	_	_	_
17	the	_	D	D	_	18	_	_	_
18	rest	_	N	N	_	15	_	_	_
19	no	_	D	D	_	24	_	_	_
20	show	_	N	N	_	21	MWE	_	_
21	chicken	_	N	N	_	22	MWE	_	_
22	shit	_	N	N	_	24	_	_	_
23	mother	_	N	N	_	24	_	_	_
24	fucker	_	N	N	_	0	_	_	_",-1,1
38, do i look like mike vick bitch,"1	do	_	V	V	_	0	_	_	_
2	i	_	O	O	_	3	_	_	_
3	look	_	V	V	_	1	_	_	_
4	like	_	P	P	_	3	_	_	_
5	mike	_	^	^	_	6	MWE	_	_
6	vick	_	^	^	_	7	_	_	_
7	bitch	_	N	N	_	4	_	_	_",1,-1
39,idgaf i have my coon moments,"1	idgaf	_	!	!	_	0	_	_	_
2	i	_	O	O	_	3	_	_	_
3	have	_	V	V	_	0	_	_	_
4	my	_	D	D	_	6	_	_	_
5	coon	_	N	N	_	6	_	_	_
6	moments	_	N	N	_	3	_	_	_",1,-1
40,if  didn't know i love your coon ass cuz ,"1	if	_	P	P	_	0	_	_	_
2	didn't	_	V	V	_	1	_	_	_
3	know	_	V	V	_	2	_	_	_
4	i	_	O	O	_	5	_	_	_
5	love	_	V	V	_	3	_	_	_
6	your	_	D	D	_	8	_	_	_
7	coon	_	N	N	_	8	_	_	_
8	ass	_	N	N	_	5	_	_	_
9	cuz	_	P	P	_	5	_	_	_",1,-1
41,"what these bitches want from a nigga?, like on some dmx shit","1	what	_	O	O	_	4	_	_	_
2	these	_	D	D	_	3	_	_	_
3	bitches	_	N	N	_	4	_	_	_
4	want	_	V	V	_	0	_	_	_
5	from	_	P	P	_	4	_	_	_
6	a	_	D	D	_	7	_	_	_
7	nigga	_	N	N	_	5	_	_	_
8	?,	_	,	,	_	-1	_	_	_
9	like	_	V	V	_	0	_	_	_
10	on	_	P	P	_	9	_	_	_
11	some	_	D	D	_	13	_	_	_
12	dmx	_	^	^	_	13	_	_	_
13	shit	_	N	N	_	10	_	_	_",-1,1
42,  fuuck jalens a slow bitch,"1	fuuck	_	V	V	_	0	_	_	_
2	jalens	_	V	V	_	1	_	_	_
3	a	_	D	D	_	5	_	_	_
4	slow	_	A	A	_	5	_	_	_
5	bitch	_	N	N	_	2	_	_	_",-1,1
43,   what you still doing up my nig,"1	what	_	O	O	_	0	_	_	_
2	you	_	O	O	_	4	_	_	_
3	still	_	R	R	_	4	_	_	_
4	doing	_	V	V	_	1	_	_	_
5	up	_	T	T	_	4	MWE	_	_
6	my	_	D	D	_	7	_	_	_
7	nig	_	N	N	_	4	_	_	_",1,-1
44,inners still hanging in. yankees we need this win. nfl. it's not sunday,"1	inners	_	L	L	_	3	_	_	_
2	still	_	R	R	_	3	_	_	_
3	hanging	_	V	V	_	0	_	_	_
4	in	_	P	P	_	3	_	_	_
5	.	_	,	,	_	-1	_	_	_
6	yankees	_	^	^	_	4	_	_	_
7	we	_	O	O	_	8	_	_	_
8	need	_	V	V	_	0	_	_	_
9	this	_	O	O	_	10	_	_	_
10	win	_	V	V	_	8	_	_	_
11	.	_	,	,	_	-1	_	_	_
12	nfl	_	N	N	_	10	_	_	_
13	.	_	,	,	_	-1	_	_	_
14	it's	_	L	L	_	0	_	_	_
15	not	_	R	R	_	14	_	_	_
16	sunday	_	^	^	_	14	_	_	_",1,-1
45,breakfast fried chicken jerk chicken tater tots white rice nd press yellow rice nd beans mac nd cheese ,"1	breakfast	_	N	N	_	10	CONJ	_	_
2	fried	_	A	A	_	3	_	_	_
3	chicken	_	N	N	_	10	CONJ	_	_
4	jerk	_	N	N	_	10	CONJ	_	_
5	chicken	_	N	N	_	10	CONJ	_	_
6	tater	_	N	N	_	7	_	_	_
7	tots	_	N	N	_	10	CONJ	_	_
8	white	_	A	A	_	9	_	_	_
9	rice	_	N	N	_	10	CONJ	_	_
10	nd	_	&	&	_	0	_	_	_
11	press	_	N	N	_	10	CONJ	_	_
12	yellow	_	A	A	_	13	_	_	_
13	rice	_	N	N	_	14	CONJ	_	_
14	nd	_	&	&	_	16	_	_	_
15	beans	_	N	N	_	14	CONJ	_	_
16	mac	_	N	N	_	17	CONJ	_	_
17	nd	_	&	&	_	0	_	_	_
18	cheese	_	N	N	_	17	CONJ	_	_",1,-1
46,"first off , fuck your bitch ; the click you claim ","1	first	_	A	A	_	0	_	_	_
2	off	_	T	T	_	-1	_	_	_
3	,	_	,	,	_	-1	_	_	_
4	fuck	_	V	V	_	0	_	_	_
5	your	_	D	D	_	6	_	_	_
6	bitch	_	N	N	_	4	_	_	_
7	;	_	,	,	_	-1	_	_	_
8	the	_	D	D	_	9	_	_	_
9	click	_	N	N	_	4	_	_	_
10	you	_	O	O	_	11	_	_	_
11	claim	_	V	V	_	0	_	_	_",1,-1
47,what a wetback looks like when he gets caught crossing the border.  ,"1	what	_	O	O	_	0	_	_	_
2	a	_	D	D	_	3	_	_	_
3	wetback	_	N	N	_	4	_	_	_
4	looks	_	V	V	_	1	_	_	_
5	like	_	P	P	_	4	_	_	_
6	when	_	R	R	_	8	_	_	_
7	he	_	O	O	_	8	_	_	_
8	gets	_	V	V	_	5	_	_	_
9	caught	_	V	V	_	8	_	_	_
10	crossing	_	V	V	_	9	_	_	_
11	the	_	D	D	_	12	_	_	_
12	border	_	N	N	_	10	_	_	_
13	.	_	,	,	_	-1	_	_	_",-1,1
48,looking like a hillbilly and not matching is what i do best goodnight losers ,"1	looking	_	V	V	_	0	_	_	_
2	like	_	P	P	_	1	_	_	_
3	a	_	D	D	_	4	_	_	_
4	hillbilly	_	N	N	_	5	CONJ	_	_
5	and	_	&	&	_	2	_	_	_
6	not	_	R	R	_	7	_	_	_
7	matching	_	V	V	_	5	CONJ	_	_
8	is	_	V	V	_	0	_	_	_
9	what	_	O	O	_	8	_	_	_
10	i	_	O	O	_	11	_	_	_
11	do	_	V	V	_	9	_	_	_
12	best	_	A	A	_	14	_	_	_
13	goodnight	_	N	N	_	14	_	_	_
14	losers	_	N	N	_	11	_	_	_",-1,1
49,y'all hoes really get mad cause a nigga don't want cha,"1	y'all	_	D	D	_	2	_	_	_
2	hoes	_	N	N	_	4	_	_	_
3	really	_	R	R	_	4	_	_	_
4	get	_	V	V	_	0	_	_	_
5	mad	_	A	A	_	4	_	_	_
6	cause	_	P	P	_	4	_	_	_
7	a	_	D	D	_	8	_	_	_
8	nigga	_	N	N	_	9	_	_	_
9	don't	_	V	V	_	6	_	_	_
10	want	_	V	V	_	9	_	_	_
11	cha	_	!	!	_	10	_	_	_",-1,1
50,raunchy ass hoe.,"1	raunchy	_	A	A	_	3	_	_	_
2	ass	_	N	N	_	3	_	_	_
3	hoe	_	N	N	_	0	_	_	_
4	.	_	,	,	_	-1	_	_	_",-1,1
51,they're working on a bill to prevent retards from voting. who knew retards could vote? things are starting to make sense now.,"1	they're	_	L	L	_	0	_	_	_
2	working	_	V	V	_	1	_	_	_
3	on	_	P	P	_	2	_	_	_
4	a	_	D	D	_	5	_	_	_
5	bill	_	N	N	_	3	_	_	_
6	to	_	P	P	_	5	_	_	_
7	prevent	_	V	V	_	6	_	_	_
8	retards	_	N	N	_	7	_	_	_
9	from	_	P	P	_	7	_	_	_
10	voting	_	V	V	_	9	_	_	_
11	.	_	,	,	_	-1	_	_	_
12	who	_	O	O	_	13	_	_	_
13	knew	_	V	V	_	0	_	_	_
14	retards	_	N	N	_	15	_	_	_
15	could	_	V	V	_	13	_	_	_
16	vote	_	V	V	_	15	_	_	_
17	?	_	,	,	_	-1	_	_	_
18	things	_	N	N	_	19	_	_	_
19	are	_	V	V	_	0	_	_	_
20	starting	_	V	V	_	19	_	_	_
21	to	_	P	P	_	20	_	_	_
22	make	_	V	V	_	21	_	_	_
23	sense	_	N	N	_	22	_	_	_
24	now	_	R	R	_	22	_	_	_
25	.	_	,	,	_	-1	_	_	_",-1,1
52,"seattle mayoral election this year. a choice between a bunch of women, non-whites, and faggots/fag lovers.","1	seattle	_	^	^	_	3	_	_	_
2	mayoral	_	A	A	_	3	_	_	_
3	election	_	N	N	_	0	_	_	_
4	this	_	D	D	_	5	_	_	_
5	year	_	N	N	_	3	_	_	_
6	.	_	,	,	_	-1	_	_	_
7	a	_	D	D	_	8	_	_	_
8	choice	_	N	N	_	0	_	_	_
9	between	_	P	P	_	8	_	_	_
10	a	_	D	D	_	11	_	_	_
11	bunch	_	N	N	_	9	_	_	_
12	of	_	P	P	_	11	_	_	_
13	women	_	N	N	_	12	_	_	_
14	,	_	,	,	_	-1	_	_	_
15	non-whites	_	N	N	_	17	CONJ	_	_
16	,	_	,	,	_	-1	_	_	_
17	and	_	&	&	_	19	_	_	_
18	faggots/fag	_	N	N	_	17	CONJ	_	_
19	lovers	_	N	N	_	0	_	_	_
20	.	_	,	,	_	-1	_	_	_",-1,1
53,game 126 preview: houston astros at new york yankees ,"1	game	_	N	N	_	3	_	_	_
2	126	_	$	$	_	3	_	_	_
3	preview	_	N	N	_	0	_	_	_
4	:	_	,	,	_	-1	_	_	_
5	houston	_	^	^	_	6	MWE	_	_
6	astros	_	^	^	_	0	_	_	_
7	at	_	P	P	_	6	_	_	_
8	new	_	A	A	_	10	_	_	_
9	york	_	N	N	_	10	_	_	_
10	yankees	_	N	N	_	7	_	_	_",1,-1
54," so a man who is a pussy and a coward overpowered you and easily took what was yours? you are clearly much less than a man, then","1	so	_	P	P	_	0	_	_	_
2	a	_	D	D	_	3	_	_	_
3	man	_	N	N	_	13	CONJ	_	_
4	who	_	O	O	_	5	_	_	_
5	is	_	V	V	_	0	_	_	_
6	a	_	D	D	_	7	_	_	_
7	pussy	_	N	N	_	8	CONJ	_	_
8	and	_	&	&	_	5	_	_	_
9	a	_	D	D	_	10	_	_	_
10	coward	_	N	N	_	8	CONJ	_	_
11	overpowered	_	V	V	_	13	CONJ	_	_
12	you	_	O	O	_	11	_	_	_
13	and	_	&	&	_	1	_	_	_
14	easily	_	R	R	_	15	_	_	_
15	took	_	V	V	_	13	CONJ	_	_
16	what	_	O	O	_	17	_	_	_
17	was	_	V	V	_	15	_	_	_
18	yours	_	O	O	_	17	_	_	_
19	?	_	,	,	_	-1	_	_	_
20	you	_	O	O	_	21	_	_	_
21	are	_	V	V	_	0	_	_	_
22	clearly	_	R	R	_	21	_	_	_
23	much	_	R	R	_	24	_	_	_
24	less	_	A	A	_	21	_	_	_
25	than	_	P	P	_	24	_	_	_
26	a	_	D	D	_	27	_	_	_
27	man	_	N	N	_	25	_	_	_
28	,	_	,	,	_	-1	_	_	_
29	then	_	R	R	_	21	_	_	_",1,-1
55,somebody please choke that fucking retard that keeps yelling mashed potatoes. what a tool pgachampionship,"1	somebody	_	N	N	_	3	_	_	_
2	please	_	V	V	_	3	_	_	_
3	choke	_	V	V	_	0	_	_	_
4	that	_	D	D	_	6	_	_	_
5	fucking	_	A	A	_	6	_	_	_
6	retard	_	N	N	_	3	_	_	_
7	that	_	P	P	_	6	_	_	_
8	keeps	_	V	V	_	7	_	_	_
9	yelling	_	V	V	_	8	_	_	_
10	mashed	_	A	A	_	11	_	_	_
11	potatoes	_	N	N	_	9	_	_	_
12	.	_	,	,	_	-1	_	_	_
13	what	_	O	O	_	0	_	_	_
14	a	_	D	D	_	16	_	_	_
15	tool	_	N	N	_	16	_	_	_
16	pgachampionship	_	N	N	_	8	_	_	_",-1,1
56,there ain't one unpregnant bitch in the world anymore smh,"1	there	_	R	R	_	2	_	_	_
2	ain't	_	V	V	_	0	_	_	_
3	one	_	$	$	_	4	_	_	_
4	unpregnant	_	A	A	_	5	_	_	_
5	bitch	_	N	N	_	2	_	_	_
6	in	_	P	P	_	5	_	_	_
7	the	_	D	D	_	8	_	_	_
8	world	_	N	N	_	6	_	_	_
9	anymore	_	R	R	_	2	_	_	_
10	smh	_	G	G	_	-1	_	_	_",1,-1
57,  rt *nigga *bitch *him  ' i will never date a female with another niggah name on her lol . wtf .,"1	rt	_	~	~	_	-1	_	_	_
2	*	_	,	,	_	-1	_	_	_
3	nigga	_	N	N	_	0	_	_	_
4	*	_	,	,	_	-1	_	_	_
5	bitch	_	N	N	_	0	_	_	_
6	*	_	,	,	_	-1	_	_	_
7	him	_	O	O	_	0	_	_	_
8	'	_	,	,	_	-1	_	_	_
9	i	_	O	O	_	10	_	_	_
10	will	_	V	V	_	0	_	_	_
11	never	_	R	R	_	12	_	_	_
12	date	_	V	V	_	10	_	_	_
13	a	_	D	D	_	14	_	_	_
14	female	_	N	N	_	12	_	_	_
15	with	_	P	P	_	12	_	_	_
16	another	_	D	D	_	18	_	_	_
17	niggah	_	N	N	_	18	_	_	_
18	name	_	N	N	_	15	_	_	_
19	on	_	P	P	_	18	_	_	_
20	her	_	O	O	_	19	_	_	_
21	lol	_	!	!	_	0	_	_	_
22	.	_	,	,	_	-1	_	_	_
23	wtf	_	!	!	_	0	_	_	_
24	.	_	,	,	_	-1	_	_	_",-1,1
58,"' she herd i was a dope boy , i herd she was a gold digger  , all i know is she a real bitch , so i fuck her like a real niggah .","1	'	_	,	,	_	-1	_	_	_
2	she	_	O	O	_	3	_	_	_
3	herd	_	V	V	_	0	_	_	_
4	i	_	O	O	_	5	_	_	_
5	was	_	V	V	_	3	_	_	_
6	a	_	D	D	_	8	_	_	_
7	dope	_	A	A	_	8	_	_	_
8	boy	_	N	N	_	5	_	_	_
9	,	_	,	,	_	-1	_	_	_
10	i	_	O	O	_	11	_	_	_
11	herd	_	V	V	_	0	_	_	_
12	she	_	O	O	_	13	_	_	_
13	was	_	V	V	_	11	_	_	_
14	a	_	D	D	_	16	_	_	_
15	gold	_	A	A	_	16	_	_	_
16	digger	_	N	N	_	13	_	_	_
17	,	_	,	,	_	-1	_	_	_
18	all	_	D	D	_	19	_	_	_
19	i	_	O	O	_	20	_	_	_
20	know	_	V	V	_	0	_	_	_
21	is	_	V	V	_	20	_	_	_
22	she	_	O	O	_	21	_	_	_
23	a	_	D	D	_	25	_	_	_
24	real	_	A	A	_	25	_	_	_
25	bitch	_	N	N	_	21	_	_	_
26	,	_	,	,	_	-1	_	_	_
27	so	_	R	R	_	0	_	_	_
28	i	_	O	O	_	29	_	_	_
29	fuck	_	V	V	_	0	_	_	_
30	her	_	O	O	_	29	_	_	_
31	like	_	P	P	_	29	_	_	_
32	a	_	D	D	_	34	_	_	_
33	real	_	A	A	_	34	_	_	_
34	niggah	_	N	N	_	31	_	_	_
35	.	_	,	,	_	-1	_	_	_",1,-1
59,that nigga john ain't ah real older nigga forreal.. he let vick brotha bitch out on maplerow,"1	that	_	D	D	_	2	_	_	_
2	nigga	_	N	N	_	3	_	_	_
3	john	_	^	^	_	4	_	_	_
4	ain't	_	V	V	_	0	_	_	_
5	ah	_	!	!	_	0	_	_	_
6	real	_	A	A	_	8	_	_	_
7	older	_	A	A	_	8	_	_	_
8	nigga	_	N	N	_	4	_	_	_
9	forreal	_	!	!	_	0	_	_	_
10	..	_	,	,	_	-1	_	_	_
11	he	_	O	O	_	12	_	_	_
12	let	_	V	V	_	0	_	_	_
13	vick	_	^	^	_	14	_	_	_
14	brotha	_	N	N	_	15	_	_	_
15	bitch	_	N	N	_	12	_	_	_
16	out	_	T	T	_	15	MWE	_	_
17	on	_	P	P	_	12	_	_	_
18	maplerow	_	^	^	_	17	_	_	_",1,-1
60,  this height shit aint cute at all. yall some dumb hoes going out in public looking like jack and the bean stalk.  http://,"1	this	_	D	D	_	3	_	_	_
2	height	_	N	N	_	3	_	_	_
3	shit	_	N	N	_	4	_	_	_
4	aint	_	V	V	_	0	_	_	_
5	cute	_	A	A	_	4	_	_	_
6	at	_	P	P	_	4	_	_	_
7	all	_	D	D	_	6	MWE	_	_
8	.	_	,	,	_	-1	_	_	_
9	yall	_	O	O	_	0	_	_	_
10	some	_	D	D	_	12	_	_	_
11	dumb	_	A	A	_	12	_	_	_
12	hoes	_	N	N	_	13	_	_	_
13	going	_	V	V	_	9	_	_	_
14	out	_	T	T	_	13	MWE	_	_
15	in	_	P	P	_	13	_	_	_
16	public	_	A	A	_	15	_	_	_
17	looking	_	V	V	_	0	_	_	_
18	like	_	P	P	_	17	_	_	_
19	jack	_	^	^	_	20	CONJ	_	_
20	and	_	&	&	_	18	_	_	_
21	the	_	D	D	_	23	_	_	_
22	bean	_	N	N	_	23	_	_	_
23	stalk	_	N	N	_	20	CONJ	_	_
24	.	_	,	,	_	-1	_	_	_
25	http://	_	U	U	_	-1	_	_	_",1,-1
61,   trash eating trash,"1	trash	_	N	N	_	2	_	_	_
2	eating	_	V	V	_	0	_	_	_
3	trash	_	N	N	_	2	_	_	_",-1,1
62,"pistol whip my dickau, shoot yo bitch club up.sometimes freestyles be freestyles. and i'm okay with that.","1	pistol	_	N	N	_	2	_	_	_
2	whip	_	V	V	_	0	_	_	_
3	my	_	D	D	_	4	_	_	_
4	dickau	_	N	N	_	2	_	_	_
5	,	_	,	,	_	-1	_	_	_
6	shoot	_	V	V	_	0	_	_	_
7	yo	_	D	D	_	9	_	_	_
8	bitch	_	N	N	_	9	_	_	_
9	club	_	N	N	_	6	_	_	_
10	up	_	T	T	_	9	MWE	_	_
11	.	_	,	,	_	-1	_	_	_
12	sometimes	_	R	R	_	17	CONJ	_	_
13	freestyles	_	N	N	_	14	_	_	_
14	be	_	V	V	_	12	_	_	_
15	freestyles	_	N	N	_	14	_	_	_
16	.	_	,	,	_	-1	_	_	_
17	and	_	&	&	_	0	_	_	_
18	i'm	_	L	L	_	17	CONJ	_	_
19	okay	_	A	A	_	18	_	_	_
20	with	_	P	P	_	19	_	_	_
21	that	_	O	O	_	20	_	_	_
22	.	_	,	,	_	-1	_	_	_",1,-1
63,"  realest tweet i seen today   . dyke bitches are rehab for hoes.and once im healed,back to the dick i go","1	realest	_	A	A	_	2	_	_	_
2	tweet	_	N	N	_	0	_	_	_
3	i	_	O	O	_	4	_	_	_
4	seen	_	V	V	_	0	_	_	_
5	today	_	N	N	_	4	_	_	_
6	.	_	,	,	_	-1	_	_	_
7	dyke	_	N	N	_	8	_	_	_
8	bitches	_	N	N	_	9	_	_	_
9	are	_	V	V	_	14	CONJ	_	_
10	rehab	_	N	N	_	9	_	_	_
11	for	_	P	P	_	10	_	_	_
12	hoes	_	N	N	_	11	_	_	_
13	.	_	,	,	_	-1	_	_	_
14	and	_	&	&	_	0	_	_	_
15	once	_	R	R	_	17	_	_	_
16	im	_	L	L	_	17	_	_	_
17	healed	_	V	V	_	14	CONJ	_	_
18	,	_	,	,	_	-1	_	_	_
19	back	_	R	R	_	17	_	_	_
20	to	_	P	P	_	19	_	_	_
21	the	_	D	D	_	22	_	_	_
22	dick	_	N	N	_	20	_	_	_
23	i	_	O	O	_	24	_	_	_
24	go	_	V	V	_	0	_	_	_",-1,1
64,  this dumb bitch said....  no matter what a man says the only way he'll truly respect you is if u hold out sex,"1	this	_	D	D	_	3	_	_	_
2	dumb	_	A	A	_	3	_	_	_
3	bitch	_	N	N	_	4	_	_	_
4	said	_	V	V	_	0	_	_	_
5	....	_	,	,	_	-1	_	_	_
6	no	_	D	D	_	7	_	_	_
7	matter	_	N	N	_	4	_	_	_
8	what	_	O	O	_	4	_	_	_
9	a	_	D	D	_	10	_	_	_
10	man	_	N	N	_	11	_	_	_
11	says	_	V	V	_	8	_	_	_
12	the	_	D	D	_	14	_	_	_
13	only	_	A	A	_	14	_	_	_
14	way	_	N	N	_	11	_	_	_
15	he'll	_	L	L	_	0	_	_	_
16	truly	_	R	R	_	17	_	_	_
17	respect	_	V	V	_	15	_	_	_
18	you	_	O	O	_	19	_	_	_
19	is	_	V	V	_	17	_	_	_
20	if	_	P	P	_	19	_	_	_
21	u	_	O	O	_	22	_	_	_
22	hold	_	V	V	_	20	_	_	_
23	out	_	T	T	_	22	MWE	_	_
24	sex	_	N	N	_	22	_	_	_",1,-1
65,omg   fat bitch. what's her  ,"1	omg	_	!	!	_	0	_	_	_
2	fat	_	A	A	_	3	_	_	_
3	bitch	_	N	N	_	1	_	_	_
4	.	_	,	,	_	-1	_	_	_
5	what's	_	L	L	_	0	_	_	_
6	her	_	O	O	_	5	_	_	_",-1,1
66,  when kennies angry he talks like a ghetto black man and i really don't even think he notices hahahahahahaha i'm laughing  ,"1	when	_	R	R	_	2	_	_	_
2	kennies	_	V	V	_	11	CONJ	_	_
3	angry	_	A	A	_	2	_	_	_
4	he	_	O	O	_	5	_	_	_
5	talks	_	V	V	_	11	CONJ	_	_
6	like	_	P	P	_	5	_	_	_
7	a	_	D	D	_	10	_	_	_
8	ghetto	_	A	A	_	10	_	_	_
9	black	_	A	A	_	10	_	_	_
10	man	_	N	N	_	6	_	_	_
11	and	_	&	&	_	0	_	_	_
12	i	_	O	O	_	14	_	_	_
13	really	_	R	R	_	14	_	_	_
14	don't	_	V	V	_	11	CONJ	_	_
15	even	_	R	R	_	14	_	_	_
16	think	_	V	V	_	14	_	_	_
17	he	_	O	O	_	18	_	_	_
18	notices	_	V	V	_	16	_	_	_
19	hahahahahahaha	_	!	!	_	18	_	_	_
20	i'm	_	L	L	_	0	_	_	_
21	laughing	_	V	V	_	20	_	_	_",-1,1
67,scandal: a negro bed wench's fairy-tale and propaganda:  via  a must see for hebrew daughters of zion,"1	scandal	_	N	N	_	0	_	_	_
2	:	_	,	,	_	-1	_	_	_
3	a	_	D	D	_	5	_	_	_
4	negro	_	N	N	_	5	_	_	_
5	bed	_	N	N	_	0	_	_	_
6	wench's	_	Z	Z	_	7	_	_	_
7	fairy-tale	_	N	N	_	8	CONJ	_	_
8	and	_	&	&	_	1	_	_	_
9	propaganda	_	N	N	_	8	CONJ	_	_
10	:	_	,	,	_	-1	_	_	_
11	via	_	P	P	_	1	_	_	_
12	a	_	D	D	_	13	_	_	_
13	must	_	N	N	_	14	_	_	_
14	see	_	V	V	_	11	_	_	_
15	for	_	P	P	_	14	_	_	_
16	hebrew	_	^	^	_	17	_	_	_
17	daughters	_	N	N	_	15	_	_	_
18	of	_	P	P	_	17	_	_	_
19	zion	_	^	^	_	18	_	_	_",-1,1
68,  fuck a bitch we never loved a thot,"1	fuck	_	V	V	_	0	_	_	_
2	a	_	D	D	_	3	_	_	_
3	bitch	_	N	N	_	1	_	_	_
4	we	_	O	O	_	6	_	_	_
5	never	_	R	R	_	6	_	_	_
6	loved	_	V	V	_	1	_	_	_
7	a	_	D	D	_	8	_	_	_
8	thot	_	N	N	_	6	_	_	_",1,-1
69,the brownies i just made are a sin,"1	the	_	D	D	_	2	_	_	_
2	brownies	_	N	N	_	0	_	_	_
3	i	_	O	O	_	5	_	_	_
4	just	_	R	R	_	5	_	_	_
5	made	_	V	V	_	0	_	_	_
6	are	_	V	V	_	5	_	_	_
7	a	_	D	D	_	8	_	_	_
8	sin	_	N	N	_	6	_	_	_",1,-1
70,you know what fuck you too bitch your such a little hoe ,"1	you	_	O	O	_	2	_	_	_
2	know	_	V	V	_	0	_	_	_
3	what	_	O	O	_	2	_	_	_
4	fuck	_	V	V	_	3	_	_	_
5	you	_	O	O	_	4	_	_	_
6	too	_	R	R	_	4	_	_	_
7	bitch	_	N	N	_	4	_	_	_
8	your	_	D	D	_	9	_	_	_
9	such	_	A	A	_	12	_	_	_
10	a	_	D	D	_	12	_	_	_
11	little	_	A	A	_	12	_	_	_
12	hoe	_	N	N	_	4	_	_	_",-1,1
71,some niggas save hoes,"1	some	_	D	D	_	2	_	_	_
2	niggas	_	N	N	_	3	_	_	_
3	save	_	V	V	_	0	_	_	_
4	hoes	_	N	N	_	3	_	_	_",-1,1
72,thirsty bitches not attractive,"1	thirsty	_	A	A	_	2	_	_	_
2	bitches	_	N	N	_	0	_	_	_
3	not	_	R	R	_	4	_	_	_
4	attractive	_	A	A	_	0	_	_	_",1,-1
73,ha.. who can get the pussy quicker these days,"1	ha	_	!	!	_	0	_	_	_
2	..	_	,	,	_	-1	_	_	_
3	who	_	O	O	_	4	_	_	_
4	can	_	V	V	_	0	_	_	_
5	get	_	V	V	_	4	_	_	_
6	the	_	D	D	_	7	_	_	_
7	pussy	_	N	N	_	5	_	_	_
8	quicker	_	A	A	_	5	_	_	_
9	these	_	D	D	_	10	_	_	_
10	days	_	N	N	_	5	_	_	_",1,-1
74,yea alright redneck white trash stupid niggers hollering out their car going down the road trying to hit on me fuck y'all,"1	yea	_	!	!	_	0	_	_	_
2	alright	_	!	!	_	0	_	_	_
3	redneck	_	N	N	_	8	_	_	_
4	white	_	A	A	_	5	_	_	_
5	trash	_	N	N	_	7	_	_	_
6	stupid	_	A	A	_	7	_	_	_
7	niggers	_	N	N	_	8	_	_	_
8	hollering	_	V	V	_	0	_	_	_
9	out	_	T	T	_	8	MWE	_	_
10	their	_	D	D	_	11	_	_	_
11	car	_	N	N	_	12	_	_	_
12	going	_	V	V	_	8	_	_	_
13	down	_	T	T	_	12	MWE	_	_
14	the	_	D	D	_	15	_	_	_
15	road	_	N	N	_	16	_	_	_
16	trying	_	V	V	_	12	_	_	_
17	to	_	P	P	_	16	_	_	_
18	hit	_	V	V	_	17	_	_	_
19	on	_	P	P	_	18	_	_	_
20	me	_	O	O	_	19	_	_	_
21	fuck	_	V	V	_	0	_	_	_
22	y'all	_	O	O	_	21	_	_	_",-1,1
75,  the only d yah bitches should be thirsty for ,"1	the	_	D	D	_	5	_	_	_
2	only	_	A	A	_	3	_	_	_
3	d	_	N	N	_	1	_	_	_
4	yah	_	!	!	_	5	_	_	_
5	bitches	_	N	N	_	6	_	_	_
6	should	_	V	V	_	0	_	_	_
7	be	_	V	V	_	6	_	_	_
8	thirsty	_	A	A	_	7	_	_	_
9	for	_	P	P	_	7	_	_	_",1,-1
76,  ew you look like a cheap tranny hooker,"1	ew	_	!	!	_	0	_	_	_
2	you	_	O	O	_	3	_	_	_
3	look	_	V	V	_	0	_	_	_
4	like	_	P	P	_	3	_	_	_
5	a	_	D	D	_	8	_	_	_
6	cheap	_	A	A	_	8	_	_	_
7	tranny	_	N	N	_	8	_	_	_
8	hooker	_	N	N	_	4	_	_	_",1,-1
77,they slut for me they kill for me they steal for me and of course it'll be yo cash and i'll murder that bitch send the body back to yo ass,"1	they	_	O	O	_	2	_	_	_
2	slut	_	N	N	_	0	_	_	_
3	for	_	P	P	_	2	_	_	_
4	me	_	O	O	_	3	_	_	_
5	they	_	O	O	_	6	_	_	_
6	kill	_	V	V	_	4	_	_	_
7	for	_	P	P	_	6	_	_	_
8	me	_	O	O	_	7	_	_	_
9	they	_	O	O	_	10	_	_	_
10	steal	_	V	V	_	8	_	_	_
11	for	_	P	P	_	13	CONJ	_	_
12	me	_	O	O	_	11	_	_	_
13	and	_	&	&	_	10	_	_	_
14	of	_	P	P	_	13	CONJ	_	_
15	course	_	N	N	_	14	_	_	_
16	it'll	_	L	L	_	0	_	_	_
17	be	_	V	V	_	16	_	_	_
18	yo	_	D	D	_	19	_	_	_
19	cash	_	N	N	_	20	CONJ	_	_
20	and	_	&	&	_	17	_	_	_
21	i'll	_	L	L	_	22	_	_	_
22	murder	_	N	N	_	20	CONJ	_	_
23	that	_	P	P	_	21	_	_	_
24	bitch	_	N	N	_	25	_	_	_
25	send	_	V	V	_	23	_	_	_
26	the	_	D	D	_	27	_	_	_
27	body	_	N	N	_	25	_	_	_
28	back	_	R	R	_	29	_	_	_
29	to	_	P	P	_	25	_	_	_
30	yo	_	D	D	_	31	_	_	_
31	ass	_	N	N	_	29	_	_	_",-1,1
78, monkey dong,"1	monkey	_	N	N	_	2	_	_	_
2	dong	_	V	V	_	0	_	_	_",1,-1
79,"  you assholes know that referring to a girl as bitch doesn't make your dick any bigger, right?","1	you	_	O	O	_	2	_	_	_
2	assholes	_	N	N	_	3	_	_	_
3	know	_	V	V	_	0	_	_	_
4	that	_	O	O	_	5	_	_	_
5	referring	_	V	V	_	3	_	_	_
6	to	_	P	P	_	5	_	_	_
7	a	_	D	D	_	8	_	_	_
8	girl	_	N	N	_	6	_	_	_
9	as	_	P	P	_	5	_	_	_
10	bitch	_	N	N	_	11	_	_	_
11	doesn't	_	V	V	_	9	_	_	_
12	make	_	V	V	_	11	_	_	_
13	your	_	D	D	_	14	_	_	_
14	dick	_	N	N	_	12	_	_	_
15	any	_	D	D	_	16	_	_	_
16	bigger	_	A	A	_	12	_	_	_
17	,	_	,	,	_	-1	_	_	_
18	right	_	R	R	_	0	_	_	_
19	?	_	,	,	_	-1	_	_	_",-1,1
80, no wonder your career is in the dump that's where trash like you belongs. thanks to  for pointing out your true colors,"1	no	_	!	!	_	0	_	_	_
2	wonder	_	V	V	_	0	_	_	_
3	your	_	D	D	_	4	_	_	_
4	career	_	N	N	_	5	_	_	_
5	is	_	V	V	_	2	_	_	_
6	in	_	P	P	_	5	_	_	_
7	the	_	D	D	_	8	_	_	_
8	dump	_	N	N	_	6	_	_	_
9	that's	_	L	L	_	0	_	_	_
10	where	_	R	R	_	9	_	_	_
11	trash	_	N	N	_	10	_	_	_
12	like	_	P	P	_	9	_	_	_
13	you	_	O	O	_	14	_	_	_
14	belongs	_	V	V	_	12	_	_	_
15	.	_	,	,	_	-1	_	_	_
16	thanks	_	N	N	_	0	_	_	_
17	to	_	P	P	_	16	_	_	_
18	for	_	P	P	_	17	_	_	_
19	pointing	_	V	V	_	18	_	_	_
20	out	_	P	P	_	19	_	_	_
21	your	_	D	D	_	23	_	_	_
22	true	_	A	A	_	23	_	_	_
23	colors	_	N	N	_	19	_	_	_",1,-1
81,  a real man gonna keep it real with his bitches lmaooooo shut up i'm not tellin u about other women mind ur business,"1	a	_	D	D	_	3	_	_	_
2	real	_	A	A	_	3	_	_	_
3	man	_	N	N	_	4	_	_	_
4	gonna	_	V	V	_	0	_	_	_
5	keep	_	V	V	_	4	_	_	_
6	it	_	O	O	_	5	_	_	_
7	real	_	A	A	_	5	_	_	_
8	with	_	P	P	_	7	_	_	_
9	his	_	D	D	_	10	_	_	_
10	bitches	_	N	N	_	8	_	_	_
11	lmaooooo	_	!	!	_	0	_	_	_
12	shut	_	V	V	_	11	_	_	_
13	up	_	T	T	_	12	MWE	_	_
14	i'm	_	L	L	_	0	_	_	_
15	not	_	R	R	_	14	_	_	_
16	tellin	_	V	V	_	15	_	_	_
17	u	_	O	O	_	16	_	_	_
18	about	_	P	P	_	16	_	_	_
19	other	_	A	A	_	20	_	_	_
20	women	_	N	N	_	21	_	_	_
21	mind	_	V	V	_	18	_	_	_
22	ur	_	D	D	_	23	_	_	_
23	business	_	N	N	_	21	_	_	_",1,-1
82, i'm a lil nigga?? wait till you see nigga. you ain't ready. i'm from chicago boy i ain't no pussy from the burbs. just wait,"1	i'm	_	L	L	_	0	_	_	_
2	a	_	D	D	_	4	_	_	_
3	lil	_	A	A	_	4	_	_	_
4	nigga	_	N	N	_	1	_	_	_
5	??	_	,	,	_	-1	_	_	_
6	wait	_	V	V	_	0	_	_	_
7	till	_	P	P	_	6	_	_	_
8	you	_	O	O	_	9	_	_	_
9	see	_	V	V	_	7	_	_	_
10	nigga	_	N	N	_	9	_	_	_
11	.	_	,	,	_	-1	_	_	_
12	you	_	O	O	_	13	_	_	_
13	ain't	_	V	V	_	0	_	_	_
14	ready	_	A	A	_	13	_	_	_
15	.	_	,	,	_	-1	_	_	_
16	i'm	_	L	L	_	0	_	_	_
17	from	_	P	P	_	16	_	_	_
18	chicago	_	^	^	_	19	_	_	_
19	boy	_	N	N	_	17	_	_	_
20	i	_	O	O	_	21	_	_	_
21	ain't	_	V	V	_	0	_	_	_
22	no	_	D	D	_	23	_	_	_
23	pussy	_	N	N	_	21	_	_	_
24	from	_	P	P	_	23	_	_	_
25	the	_	D	D	_	26	_	_	_
26	burbs	_	N	N	_	24	_	_	_
27	.	_	,	,	_	-1	_	_	_
28	just	_	R	R	_	29	_	_	_
29	wait	_	V	V	_	0	_	_	_",1,-1
83,you little twats.,"1	you	_	O	O	_	2	_	_	_
2	little	_	A	A	_	3	_	_	_
3	twats	_	N	N	_	0	_	_	_
4	.	_	,	,	_	-1	_	_	_",1,-1
84,she got every niggah lookin like dam,"1	she	_	O	O	_	2	_	_	_
2	got	_	V	V	_	0	_	_	_
3	every	_	D	D	_	4	_	_	_
4	niggah	_	N	N	_	5	_	_	_
5	lookin	_	V	V	_	2	_	_	_
6	like	_	P	P	_	5	_	_	_
7	dam	_	!	!	_	6	_	_	_",-1,1
85,"fuck ray rice ,someone crack that bitch","1	fuck	_	V	V	_	0	_	_	_
2	ray	_	^	^	_	3	_	_	_
3	rice	_	N	N	_	1	_	_	_
4	,	_	,	,	_	-1	_	_	_
5	someone	_	N	N	_	6	_	_	_
6	crack	_	V	V	_	0	_	_	_
7	that	_	D	D	_	8	_	_	_
8	bitch	_	N	N	_	6	_	_	_",-1,1
86," roses are red and violets are blue and niggers are black, you know that's true. ","1	roses	_	N	N	_	2	_	_	_
2	are	_	V	V	_	4	CONJ	_	_
3	red	_	A	A	_	2	_	_	_
4	and	_	&	&	_	0	_	_	_
5	violets	_	N	N	_	6	_	_	_
6	are	_	V	V	_	8	CONJ	_	_
7	blue	_	A	A	_	6	_	_	_
8	and	_	&	&	_	4	COORD	_	_
9	niggers	_	N	N	_	10	_	_	_
10	are	_	V	V	_	8	CONJ	_	_
11	black	_	A	A	_	10	_	_	_
12	,	_	,	,	_	-1	_	_	_
13	you	_	O	O	_	14	_	_	_
14	know	_	V	V	_	0	_	_	_
15	that's	_	L	L	_	14	_	_	_
16	true	_	A	A	_	15	_	_	_
17	.	_	,	,	_	-1	_	_	_",1,-1
87,the value of abu qutadas statement is that his credentials in jihadi circles are impeccable. hes facing trial on terrorism charges.,"1	the	_	D	D	_	2	_	_	_
2	value	_	N	N	_	7	_	_	_
3	of	_	P	P	_	2	_	_	_
4	abu	_	^	^	_	6	_	_	_
5	qutadas	_	Z	Z	_	4	MWE	_	_
6	statement	_	N	N	_	3	_	_	_
7	is	_	V	V	_	0	_	_	_
8	that	_	O	O	_	7	_	_	_
9	his	_	D	D	_	10	_	_	_
10	credentials	_	N	N	_	14	_	_	_
11	in	_	P	P	_	10	_	_	_
12	jihadi	_	^	^	_	13	_	_	_
13	circles	_	N	N	_	11	_	_	_
14	are	_	V	V	_	0	_	_	_
15	impeccable	_	A	A	_	14	_	_	_
16	.	_	,	,	_	-1	_	_	_
17	hes	_	L	L	_	0	_	_	_
18	facing	_	V	V	_	17	_	_	_
19	trial	_	N	N	_	18	_	_	_
20	on	_	P	P	_	19	_	_	_
21	terrorism	_	N	N	_	22	MWE	_	_
22	charges	_	N	N	_	20	_	_	_
23	.	_	,	,	_	-1	_	_	_",1,-1
88, u feel like dumb ass don't u pussy boy,"1	u	_	O	O	_	2	_	_	_
2	feel	_	V	V	_	0	_	_	_
3	like	_	R	R	_	4	_	_	_
4	dumb	_	A	A	_	5	_	_	_
5	ass	_	N	N	_	6	_	_	_
6	don't	_	V	V	_	2	_	_	_
7	u	_	O	O	_	6	_	_	_
8	pussy	_	N	N	_	9	_	_	_
9	boy	_	N	N	_	6	_	_	_",1,-1
89,  the first day of schoollost student: say bro you know whe...me: cho bitch ass up. ,"1	the	_	D	D	_	3	_	_	_
2	first	_	A	A	_	3	_	_	_
3	day	_	N	N	_	0	_	_	_
4	of	_	P	P	_	3	_	_	_
5	schoollost	_	N	N	_	6	_	_	_
6	student	_	N	N	_	4	_	_	_
7	:	_	,	,	_	-1	_	_	_
8	say	_	V	V	_	0	_	_	_
9	bro	_	N	N	_	8	_	_	_
10	you	_	O	O	_	11	_	_	_
11	know	_	V	V	_	8	_	_	_
12	whe	_	G	G	_	11	_	_	_
13	...	_	~	~	_	-1	_	_	_
14	me	_	O	O	_	11	_	_	_
15	:	_	,	,	_	-1	_	_	_
16	cho	_	D	D	_	17	_	_	_
17	bitch	_	N	N	_	18	_	_	_
18	ass	_	N	N	_	0	_	_	_
19	up	_	T	T	_	18	MWE	_	_
20	.	_	,	,	_	-1	_	_	_",1,-1
90,   y'all boyz was fried fuck dat pussy nigga in the blue doe,"1	y'all	_	O	O	_	3	_	_	_
2	boyz	_	N	N	_	3	_	_	_
3	was	_	V	V	_	0	_	_	_
4	fried	_	A	A	_	5	_	_	_
5	fuck	_	N	N	_	3	_	_	_
6	dat	_	D	D	_	8	_	_	_
7	pussy	_	N	N	_	8	_	_	_
8	nigga	_	N	N	_	3	_	_	_
9	in	_	P	P	_	3	_	_	_
10	the	_	D	D	_	12	_	_	_
11	blue	_	A	A	_	12	_	_	_
12	doe	_	N	N	_	9	_	_	_",1,-1
91, i tried one of them pom pomegranate juices n i swear it tasted like flavored piss.........dont ask lol,"1	i	_	O	O	_	2	_	_	_
2	tried	_	V	V	_	9	CONJ	_	_
3	one	_	$	$	_	2	_	_	_
4	of	_	P	P	_	3	_	_	_
5	them	_	O	O	_	4	_	_	_
6	pom	_	A	A	_	8	_	_	_
7	pomegranate	_	N	N	_	8	_	_	_
8	juices	_	N	N	_	2	_	_	_
9	n	_	&	&	_	0	_	_	_
10	i	_	O	O	_	11	_	_	_
11	swear	_	V	V	_	9	CONJ	_	_
12	it	_	O	O	_	13	_	_	_
13	tasted	_	V	V	_	11	_	_	_
14	like	_	P	P	_	13	_	_	_
15	flavored	_	A	A	_	16	_	_	_
16	piss	_	N	N	_	14	_	_	_
17	.........	_	,	,	_	-1	_	_	_
18	dont	_	V	V	_	0	_	_	_
19	ask	_	V	V	_	18	_	_	_
20	lol	_	!	!	_	0	_	_	_",1,-1
92,wow my dad just racked me what a fag,"1	wow	_	!	!	_	0	_	_	_
2	my	_	D	D	_	3	_	_	_
3	dad	_	N	N	_	5	_	_	_
4	just	_	R	R	_	5	_	_	_
5	racked	_	V	V	_	0	_	_	_
6	me	_	O	O	_	5	_	_	_
7	what	_	O	O	_	5	_	_	_
8	a	_	D	D	_	9	_	_	_
9	fag	_	N	N	_	7	_	_	_",1,-1
93,so many hoes whipped you would have thought we were still in slavery,"1	so	_	R	R	_	2	_	_	_
2	many	_	A	A	_	3	_	_	_
3	hoes	_	N	N	_	4	_	_	_
4	whipped	_	V	V	_	0	_	_	_
5	you	_	O	O	_	6	_	_	_
6	would	_	V	V	_	4	_	_	_
7	have	_	V	V	_	6	_	_	_
8	thought	_	V	V	_	7	_	_	_
9	we	_	O	O	_	10	_	_	_
10	were	_	V	V	_	8	_	_	_
11	still	_	R	R	_	10	_	_	_
12	in	_	P	P	_	10	_	_	_
13	slavery	_	N	N	_	12	_	_	_",-1,1
94,so you females feel like it's ok to dress like a hoe? smh i just hope i don't have a daughter please god ,"1	so	_	P	P	_	4	_	_	_
2	you	_	O	O	_	4	_	_	_
3	females	_	N	N	_	4	_	_	_
4	feel	_	V	V	_	0	_	_	_
5	like	_	P	P	_	4	_	_	_
6	it's	_	L	L	_	5	_	_	_
7	ok	_	A	A	_	6	_	_	_
8	to	_	P	P	_	7	_	_	_
9	dress	_	V	V	_	8	_	_	_
10	like	_	P	P	_	9	_	_	_
11	a	_	D	D	_	12	_	_	_
12	hoe	_	N	N	_	10	_	_	_
13	?	_	,	,	_	-1	_	_	_
14	smh	_	G	G	_	0	_	_	_
15	i	_	O	O	_	17	_	_	_
16	just	_	R	R	_	17	_	_	_
17	hope	_	V	V	_	0	_	_	_
18	i	_	O	O	_	19	_	_	_
19	don't	_	V	V	_	17	_	_	_
20	have	_	V	V	_	19	_	_	_
21	a	_	D	D	_	22	_	_	_
22	daughter	_	N	N	_	23	_	_	_
23	please	_	V	V	_	20	_	_	_
24	god	_	^	^	_	23	_	_	_",1,-1
95,"i can't express how much i hate sam, he is by far hands down no questions asked my least favorite character , so bitch made freaksandgeeks","1	i	_	O	O	_	2	_	_	_
2	can't	_	V	V	_	0	_	_	_
3	express	_	V	V	_	2	_	_	_
4	how	_	R	R	_	5	_	_	_
5	much	_	A	A	_	3	_	_	_
6	i	_	O	O	_	7	_	_	_
7	hate	_	V	V	_	5	_	_	_
8	sam	_	^	^	_	7	_	_	_
9	,	_	,	,	_	-1	_	_	_
10	he	_	O	O	_	11	_	_	_
11	is	_	V	V	_	0	_	_	_
12	by	_	P	P	_	11	_	_	_
13	far	_	A	A	_	14	_	_	_
14	hands	_	N	N	_	12	_	_	_
15	down	_	P	P	_	14	_	_	_
16	no	_	D	D	_	17	_	_	_
17	questions	_	N	N	_	18	_	_	_
18	asked	_	V	V	_	15	_	_	_
19	my	_	D	D	_	22	_	_	_
20	least	_	A	A	_	22	_	_	_
21	favorite	_	A	A	_	22	_	_	_
22	character	_	N	N	_	18	_	_	_
23	,	_	,	,	_	-1	_	_	_
24	so	_	P	P	_	18	_	_	_
25	bitch	_	N	N	_	26	_	_	_
26	made	_	V	V	_	24	_	_	_
27	freaksandgeeks	_	^	^	_	26	_	_	_",1,-1
96, thanks dumb bitch,"1	thanks	_	N	N	_	0	_	_	_
2	dumb	_	A	A	_	3	_	_	_
3	bitch	_	N	N	_	0	_	_	_",1,-1
97, u think that dream has anything to do with those two dumb bitches in san diego lol,"1	u	_	O	O	_	2	_	_	_
2	think	_	V	V	_	0	_	_	_
3	that	_	D	D	_	4	_	_	_
4	dream	_	N	N	_	5	_	_	_
5	has	_	V	V	_	2	_	_	_
6	anything	_	N	N	_	5	_	_	_
7	to	_	P	P	_	6	_	_	_
8	do	_	V	V	_	7	_	_	_
9	with	_	P	P	_	8	_	_	_
10	those	_	D	D	_	13	_	_	_
11	two	_	$	$	_	13	_	_	_
12	dumb	_	A	A	_	13	_	_	_
13	bitches	_	N	N	_	9	_	_	_
14	in	_	P	P	_	13	_	_	_
15	san	_	^	^	_	16	MWE	_	_
16	diego	_	^	^	_	14	_	_	_
17	lol	_	!	!	_	0	_	_	_",1,-1
98,this time a night dark skin niggas really turn into lightskin niggas i swear i seen a darkie try buying starbucks 3mins ago but they closed,"1	this	_	D	D	_	2	_	_	_
2	time	_	N	N	_	9	_	_	_
3	a	_	D	D	_	4	_	_	_
4	night	_	N	N	_	7	_	_	_
5	dark	_	A	A	_	6	_	_	_
6	skin	_	N	N	_	7	_	_	_
7	niggas	_	N	N	_	9	_	_	_
8	really	_	R	R	_	9	_	_	_
9	turn	_	V	V	_	0	_	_	_
10	into	_	P	P	_	9	_	_	_
11	lightskin	_	A	A	_	12	_	_	_
12	niggas	_	N	N	_	10	_	_	_
13	i	_	O	O	_	14	_	_	_
14	swear	_	V	V	_	0	_	_	_
15	i	_	O	O	_	16	_	_	_
16	seen	_	V	V	_	14	_	_	_
17	a	_	D	D	_	18	_	_	_
18	darkie	_	N	N	_	16	_	_	_
19	try	_	V	V	_	24	CONJ	_	_
20	buying	_	V	V	_	19	_	_	_
21	starbucks	_	^	^	_	20	_	_	_
22	3mins	_	R	R	_	23	_	_	_
23	ago	_	R	R	_	20	_	_	_
24	but	_	&	&	_	0	_	_	_
25	they	_	O	O	_	26	_	_	_
26	closed	_	V	V	_	24	CONJ	_	_",-1,1
99,"spending money on these hoes , nigga you aint fuck shit ","1	spending	_	V	V	_	0	_	_	_
2	money	_	N	N	_	1	_	_	_
3	on	_	P	P	_	1	_	_	_
4	these	_	D	D	_	5	_	_	_
5	hoes	_	N	N	_	3	_	_	_
6	,	_	,	,	_	-1	_	_	_
7	nigga	_	N	N	_	9	_	_	_
8	you	_	O	O	_	9	_	_	_
9	aint	_	V	V	_	0	_	_	_
10	fuck	_	V	V	_	9	_	_	_
11	shit	_	N	N	_	10	_	_	_",-1,1
100,"  .  was daddy still being an abusive rage-a-holic in hospice, or just making doody in his diapers like a good fag h","1	.	_	,	,	_	-1	_	_	_
2	was	_	V	V	_	12	CONJ	_	_
3	daddy	_	N	N	_	2	_	_	_
4	still	_	R	R	_	5	_	_	_
5	being	_	V	V	_	2	_	_	_
6	an	_	D	D	_	8	_	_	_
7	abusive	_	A	A	_	8	_	_	_
8	rage-a-holic	_	N	N	_	5	_	_	_
9	in	_	P	P	_	5	_	_	_
10	hospice	_	N	N	_	9	_	_	_
11	,	_	,	,	_	-1	_	_	_
12	or	_	&	&	_	0	_	_	_
13	just	_	R	R	_	14	_	_	_
14	making	_	V	V	_	12	CONJ	_	_
15	doody	_	N	N	_	14	_	_	_
16	in	_	P	P	_	14	_	_	_
17	his	_	D	D	_	18	_	_	_
18	diapers	_	N	N	_	16	_	_	_
19	like	_	P	P	_	18	_	_	_
20	a	_	D	D	_	22	_	_	_
21	good	_	A	A	_	22	_	_	_
22	fag	_	N	N	_	19	_	_	_
23	h	_	G	G	_	-1	_	_	_",1,-1
101,  i hope lvg is homeless in a few years whilst welbeck is scoring 30+ for arsenal and fucking bitches,"1	i	_	O	O	_	2	_	_	_
2	hope	_	V	V	_	0	_	_	_
3	lvg	_	N	N	_	4	_	_	_
4	is	_	V	V	_	2	_	_	_
5	homeless	_	A	A	_	4	_	_	_
6	in	_	P	P	_	5	_	_	_
7	a	_	D	D	_	9	_	_	_
8	few	_	A	A	_	9	_	_	_
9	years	_	N	N	_	6	_	_	_
10	whilst	_	P	P	_	9	_	_	_
11	welbeck	_	^	^	_	12	_	_	_
12	is	_	V	V	_	10	_	_	_
13	scoring	_	V	V	_	12	_	_	_
14	30+	_	$	$	_	13	_	_	_
15	for	_	P	P	_	13	_	_	_
16	arsenal	_	^	^	_	17	CONJ	_	_
17	and	_	&	&	_	15	_	_	_
18	fucking	_	A	A	_	19	_	_	_
19	bitches	_	N	N	_	17	CONJ	_	_",1,-1
102,can't fuck with a coon ass girl bruh,"1	can't	_	V	V	_	0	_	_	_
2	fuck	_	V	V	_	1	_	_	_
3	with	_	P	P	_	2	_	_	_
4	a	_	D	D	_	8	_	_	_
5	coon	_	N	N	_	6	_	_	_
6	ass	_	N	N	_	3	_	_	_
7	girl	_	N	N	_	8	_	_	_
8	bruh	_	N	N	_	2	_	_	_",1,-1
103,slut i ain't playin' go find a white crayon and color a fuckin zebra.,"1	slut	_	N	N	_	3	_	_	_
2	i	_	O	O	_	3	_	_	_
3	ain't	_	V	V	_	0	_	_	_
4	playin	_	V	V	_	3	_	_	_
5	'	_	,	,	_	-1	_	_	_
6	go	_	V	V	_	0	_	_	_
7	find	_	V	V	_	6	_	_	_
8	a	_	D	D	_	10	_	_	_
9	white	_	A	A	_	10	_	_	_
10	crayon	_	N	N	_	11	CONJ	_	_
11	and	_	&	&	_	7	_	_	_
12	color	_	N	N	_	11	CONJ	_	_
13	a	_	D	D	_	15	_	_	_
14	fuckin	_	A	A	_	15	_	_	_
15	zebra	_	N	N	_	7	_	_	_
16	.	_	,	,	_	-1	_	_	_",1,-1
104,smh   tyga shoulda knew blacc chyna was a hoe when his son crip walked out her pussy.,"1	smh	_	G	G	_	-1	_	_	_
2	tyga	_	^	^	_	3	MWE	_	_
3	shoulda	_	^	^	_	0	_	_	_
4	knew	_	V	V	_	0	_	_	_
5	blacc	_	^	^	_	6	MWE	_	_
6	chyna	_	^	^	_	7	_	_	_
7	was	_	V	V	_	4	_	_	_
8	a	_	D	D	_	9	_	_	_
9	hoe	_	N	N	_	7	_	_	_
10	when	_	R	R	_	4	_	_	_
11	his	_	D	D	_	13	_	_	_
12	son	_	N	N	_	13	_	_	_
13	crip	_	N	N	_	14	_	_	_
14	walked	_	V	V	_	10	_	_	_
15	out	_	T	T	_	14	MWE	_	_
16	her	_	D	D	_	17	_	_	_
17	pussy	_	N	N	_	14	_	_	_
18	.	_	,	,	_	-1	_	_	_",-1,1
105,  your tweets remind me of the times when we did the oreo milkshake runs  1am in the morning   ,"1	your	_	D	D	_	2	_	_	_
2	tweets	_	N	N	_	3	_	_	_
3	remind	_	V	V	_	0	_	_	_
4	me	_	O	O	_	3	_	_	_
5	of	_	P	P	_	4	_	_	_
6	the	_	D	D	_	7	_	_	_
7	times	_	N	N	_	5	_	_	_
8	when	_	R	R	_	3	_	_	_
9	we	_	O	O	_	10	_	_	_
10	did	_	V	V	_	8	_	_	_
11	the	_	D	D	_	13	_	_	_
12	oreo	_	N	N	_	13	_	_	_
13	milkshake	_	N	N	_	10	_	_	_
14	runs	_	V	V	_	0	_	_	_
15	1am	_	$	$	_	14	_	_	_
16	in	_	P	P	_	14	_	_	_
17	the	_	D	D	_	18	_	_	_
18	morning	_	N	N	_	16	_	_	_",1,-1
106,  why do y'all niggas entertain that nicole bitch? i don't see how y'all can ever take a bitch that posted naked pics serious,"1	why	_	R	R	_	5	_	_	_
2	do	_	V	V	_	0	_	_	_
3	y'all	_	O	O	_	2	_	_	_
4	niggas	_	N	N	_	5	_	_	_
5	entertain	_	V	V	_	2	_	_	_
6	that	_	O	O	_	5	_	_	_
7	nicole	_	^	^	_	8	_	_	_
8	bitch	_	N	N	_	6	_	_	_
9	?	_	,	,	_	-1	_	_	_
10	i	_	O	O	_	11	_	_	_
11	don't	_	V	V	_	0	_	_	_
12	see	_	V	V	_	11	_	_	_
13	how	_	R	R	_	15	_	_	_
14	y'all	_	O	O	_	15	_	_	_
15	can	_	V	V	_	12	_	_	_
16	ever	_	R	R	_	15	_	_	_
17	take	_	V	V	_	15	_	_	_
18	a	_	D	D	_	19	_	_	_
19	bitch	_	N	N	_	17	_	_	_
20	that	_	P	P	_	21	_	_	_
21	posted	_	V	V	_	17	_	_	_
22	naked	_	A	A	_	23	_	_	_
23	pics	_	N	N	_	21	_	_	_
24	serious	_	A	A	_	21	_	_	_",-1,1
107,lol at the random fist fight aka pussy shove match at dnd tonight.,"1	lol	_	!	!	_	0	_	_	_
2	at	_	P	P	_	6	_	_	_
3	the	_	D	D	_	5	_	_	_
4	random	_	A	A	_	5	_	_	_
5	fist	_	N	N	_	2	_	_	_
6	fight	_	V	V	_	0	_	_	_
7	aka	_	G	G	_	6	_	_	_
8	pussy	_	N	N	_	9	_	_	_
9	shove	_	V	V	_	0	_	_	_
10	match	_	N	N	_	9	_	_	_
11	at	_	P	P	_	9	_	_	_
12	dnd	_	N	N	_	11	_	_	_
13	tonight	_	N	N	_	9	_	_	_
14	.	_	,	,	_	-1	_	_	_",1,-1
108,you a lame ass nigga still cuffin these hoes my bitch got a bitch with er,"1	you	_	O	O	_	3	_	_	_
2	a	_	D	D	_	5	_	_	_
3	lame	_	A	A	_	4	_	_	_
4	ass	_	N	N	_	5	_	_	_
5	nigga	_	N	N	_	7	_	_	_
6	still	_	R	R	_	7	_	_	_
7	cuffin	_	V	V	_	0	_	_	_
8	these	_	D	D	_	9	_	_	_
9	hoes	_	N	N	_	7	_	_	_
10	my	_	D	D	_	11	_	_	_
11	bitch	_	N	N	_	12	_	_	_
12	got	_	V	V	_	0	_	_	_
13	a	_	D	D	_	14	_	_	_
14	bitch	_	N	N	_	12	_	_	_
15	with	_	P	P	_	12	_	_	_
16	er	_	^	^	_	15	_	_	_",-1,1
109,half of yall hoes anyways. so the ones with thigh gaps get a friend without em. have a nigga fuck yall both and ask him who got better pussy,"1	half	_	$	$	_	2	_	_	_
2	of	_	P	P	_	0	_	_	_
3	yall	_	O	O	_	2	_	_	_
4	hoes	_	N	N	_	5	_	_	_
5	anyways	_	N	N	_	2	_	_	_
6	.	_	,	,	_	-1	_	_	_
7	so	_	P	P	_	0	_	_	_
8	the	_	D	D	_	9	_	_	_
9	ones	_	N	N	_	13	_	_	_
10	with	_	P	P	_	9	_	_	_
11	thigh	_	N	N	_	12	_	_	_
12	gaps	_	N	N	_	10	_	_	_
13	get	_	V	V	_	7	_	_	_
14	a	_	D	D	_	15	_	_	_
15	friend	_	N	N	_	13	_	_	_
16	without	_	P	P	_	13	_	_	_
17	em	_	O	O	_	16	_	_	_
18	.	_	,	,	_	-1	_	_	_
19	have	_	V	V	_	0	_	_	_
20	a	_	D	D	_	21	_	_	_
21	nigga	_	N	N	_	19	_	_	_
22	fuck	_	V	V	_	0	_	_	_
23	yall	_	O	O	_	22	_	_	_
24	both	_	O	O	_	25	CONJ	_	_
25	and	_	&	&	_	22	_	_	_
26	ask	_	V	V	_	25	CONJ	_	_
27	him	_	O	O	_	26	_	_	_
28	who	_	O	O	_	29	_	_	_
29	got	_	V	V	_	26	_	_	_
30	better	_	A	A	_	31	_	_	_
31	pussy	_	N	N	_	29	_	_	_",1,-1
110,cant trust niggas when it come to bitches,"1	cant	_	V	V	_	0	_	_	_
2	trust	_	V	V	_	1	_	_	_
3	niggas	_	N	N	_	2	_	_	_
4	when	_	R	R	_	1	_	_	_
5	it	_	O	O	_	6	_	_	_
6	come	_	V	V	_	4	_	_	_
7	to	_	P	P	_	6	_	_	_
8	bitches	_	N	N	_	7	_	_	_",-1,1
111,  i don't fuck with bitch niggas i only fuck niggas bitches,"1	i	_	O	O	_	2	_	_	_
2	don't	_	V	V	_	0	_	_	_
3	fuck	_	V	V	_	2	_	_	_
4	with	_	P	P	_	3	_	_	_
5	bitch	_	N	N	_	6	_	_	_
6	niggas	_	N	N	_	4	_	_	_
7	i	_	O	O	_	9	_	_	_
8	only	_	R	R	_	9	_	_	_
9	fuck	_	V	V	_	0	_	_	_
10	niggas	_	N	N	_	11	_	_	_
11	bitches	_	N	N	_	9	_	_	_",-1,1
112,my mom tried to get me to buy beaner boots bc they were on sale like i'm not in a mariachi band please stop.,"1	my	_	D	D	_	2	_	_	_
2	mom	_	N	N	_	3	_	_	_
3	tried	_	V	V	_	0	_	_	_
4	to	_	P	P	_	3	_	_	_
5	get	_	V	V	_	4	_	_	_
6	me	_	O	O	_	5	_	_	_
7	to	_	P	P	_	5	_	_	_
8	buy	_	V	V	_	7	_	_	_
9	beaner	_	N	N	_	10	_	_	_
10	boots	_	N	N	_	8	_	_	_
11	bc	_	P	P	_	8	_	_	_
12	they	_	O	O	_	13	_	_	_
13	were	_	V	V	_	11	_	_	_
14	on	_	P	P	_	13	_	_	_
15	sale	_	N	N	_	14	_	_	_
16	like	_	P	P	_	3	_	_	_
17	i'm	_	L	L	_	0	_	_	_
18	not	_	R	R	_	17	_	_	_
19	in	_	P	P	_	17	_	_	_
20	a	_	D	D	_	22	_	_	_
21	mariachi	_	N	N	_	22	_	_	_
22	band	_	N	N	_	19	_	_	_
23	please	_	V	V	_	16	_	_	_
24	stop	_	V	V	_	23	_	_	_
25	.	_	,	,	_	-1	_	_	_",-1,1
113,  like no bitch you didn't make the cut.,"1	like	_	P	P	_	0	_	_	_
2	no	_	D	D	_	3	_	_	_
3	bitch	_	N	N	_	1	_	_	_
4	you	_	O	O	_	5	_	_	_
5	didn't	_	V	V	_	0	_	_	_
6	make	_	V	V	_	5	_	_	_
7	the	_	D	D	_	8	_	_	_
8	cut	_	N	N	_	6	_	_	_
9	.	_	,	,	_	-1	_	_	_",1,-1
114,the thing about working with black people. these bitches never on fucking time then wanna complain about a short check. bitch die.today. now,"1	the	_	D	D	_	2	_	_	_
2	thing	_	N	N	_	0	_	_	_
3	about	_	P	P	_	2	_	_	_
4	working	_	V	V	_	3	_	_	_
5	with	_	P	P	_	4	_	_	_
6	black	_	A	A	_	7	_	_	_
7	people	_	N	N	_	5	_	_	_
8	.	_	,	,	_	-1	_	_	_
9	these	_	D	D	_	10	_	_	_
10	bitches	_	N	N	_	0	_	_	_
11	never	_	R	R	_	12	_	_	_
12	on	_	P	P	_	10	_	_	_
13	fucking	_	A	A	_	14	_	_	_
14	time	_	N	N	_	12	_	_	_
15	then	_	R	R	_	16	_	_	_
16	wanna	_	V	V	_	14	_	_	_
17	complain	_	V	V	_	16	_	_	_
18	about	_	P	P	_	17	_	_	_
19	a	_	D	D	_	21	_	_	_
20	short	_	A	A	_	21	_	_	_
21	check	_	N	N	_	18	_	_	_
22	.	_	,	,	_	-1	_	_	_
23	bitch	_	N	N	_	24	_	_	_
24	die	_	V	V	_	0	_	_	_
25	.	_	,	,	_	-1	_	_	_
26	today	_	N	N	_	24	_	_	_
27	.	_	,	,	_	-1	_	_	_
28	now	_	R	R	_	0	_	_	_",-1,1
115, colored contacts,"1	colored	_	A	A	_	2	_	_	_
2	contacts	_	N	N	_	0	_	_	_",1,-1
116,this nigga over here telling me he dont fuck with this bitch . when he do . or maybe she lying lol,"1	this	_	D	D	_	2	_	_	_
2	nigga	_	N	N	_	5	_	_	_
3	over	_	P	P	_	2	_	_	_
4	here	_	R	R	_	3	_	_	_
5	telling	_	V	V	_	0	_	_	_
6	me	_	O	O	_	5	_	_	_
7	he	_	O	O	_	8	_	_	_
8	dont	_	V	V	_	5	_	_	_
9	fuck	_	V	V	_	8	_	_	_
10	with	_	P	P	_	9	_	_	_
11	this	_	D	D	_	12	_	_	_
12	bitch	_	N	N	_	10	_	_	_
13	.	_	,	,	_	-1	_	_	_
14	when	_	R	R	_	18	CONJ	_	_
15	he	_	O	O	_	16	_	_	_
16	do	_	V	V	_	18	CONJ	_	_
17	.	_	,	,	_	-1	_	_	_
18	or	_	&	&	_	0	_	_	_
19	maybe	_	R	R	_	21	_	_	_
20	she	_	O	O	_	21	_	_	_
21	lying	_	V	V	_	18	CONJ	_	_
22	lol	_	!	!	_	0	_	_	_",-1,1
117,"   not just cause of hoes, go to jail cause of fucking up hoes bloody n making them call you head honcho","1	not	_	R	R	_	3	_	_	_
2	just	_	R	R	_	3	_	_	_
3	cause	_	P	P	_	0	_	_	_
4	of	_	P	P	_	3	_	_	_
5	hoes	_	N	N	_	4	_	_	_
6	,	_	,	,	_	-1	_	_	_
7	go	_	V	V	_	0	_	_	_
8	to	_	P	P	_	7	_	_	_
9	jail	_	N	N	_	8	_	_	_
10	cause	_	P	P	_	7	_	_	_
11	of	_	P	P	_	10	_	_	_
12	fucking	_	V	V	_	16	CONJ	_	_
13	up	_	T	T	_	12	MWE	_	_
14	hoes	_	N	N	_	12	_	_	_
15	bloody	_	A	A	_	12	_	_	_
16	n	_	&	&	_	11	_	_	_
17	making	_	V	V	_	16	CONJ	_	_
18	them	_	O	O	_	17	_	_	_
19	call	_	V	V	_	17	_	_	_
20	you	_	O	O	_	19	_	_	_
21	head	_	N	N	_	22	_	_	_
22	honcho	_	N	N	_	19	_	_	_",-1,1
118,"you old bitter,salty ass niccas make my flesh crawl off my bones such bitches you are dontarguejustacceptit","1	you	_	O	O	_	3	_	_	_
2	old	_	A	A	_	3	_	_	_
3	bitter	_	A	A	_	0	_	_	_
4	,	_	,	,	_	-1	_	_	_
5	salty	_	A	A	_	7	_	_	_
6	ass	_	N	N	_	7	_	_	_
7	niccas	_	N	N	_	8	_	_	_
8	make	_	V	V	_	0	_	_	_
9	my	_	D	D	_	10	_	_	_
10	flesh	_	N	N	_	11	_	_	_
11	crawl	_	V	V	_	8	_	_	_
12	off	_	T	T	_	11	MWE	_	_
13	my	_	D	D	_	14	_	_	_
14	bones	_	N	N	_	11	_	_	_
15	such	_	A	A	_	16	_	_	_
16	bitches	_	N	N	_	11	_	_	_
17	you	_	O	O	_	18	_	_	_
18	are	_	V	V	_	0	_	_	_
19	dontarguejustacceptit	_	N	N	_	18	_	_	_",-1,1
119,that fucking slutty beaner,"1	that	_	D	D	_	4	_	_	_
2	fucking	_	A	A	_	3	_	_	_
3	slutty	_	A	A	_	4	_	_	_
4	beaner	_	N	N	_	0	_	_	_",-1,1
120,them women at the bar  happyhour are there for your pleasure them old hoes be pure savages ,"1	them	_	D	D	_	2	_	_	_
2	women	_	N	N	_	7	_	_	_
3	at	_	P	P	_	2	_	_	_
4	the	_	D	D	_	6	_	_	_
5	bar	_	N	N	_	6	_	_	_
6	happyhour	_	N	N	_	3	_	_	_
7	are	_	V	V	_	0	_	_	_
8	there	_	R	R	_	7	_	_	_
9	for	_	P	P	_	7	_	_	_
10	your	_	D	D	_	11	_	_	_
11	pleasure	_	N	N	_	9	_	_	_
12	them	_	D	D	_	14	_	_	_
13	old	_	A	A	_	14	_	_	_
14	hoes	_	N	N	_	15	_	_	_
15	be	_	V	V	_	0	_	_	_
16	pure	_	A	A	_	17	_	_	_
17	savages	_	N	N	_	15	_	_	_",1,-1
121, ya 5 games are you a retard?,"1	ya	_	!	!	_	0	_	_	_
2	5	_	$	$	_	3	_	_	_
3	games	_	N	N	_	4	_	_	_
4	are	_	V	V	_	0	_	_	_
5	you	_	O	O	_	4	_	_	_
6	a	_	D	D	_	7	_	_	_
7	retard	_	N	N	_	4	_	_	_
8	?	_	,	,	_	-1	_	_	_",1,-1
122,   at work imma real uncle tom,"1	at	_	P	P	_	0	_	_	_
2	work	_	N	N	_	1	_	_	_
3	imma	_	L	L	_	0	_	_	_
4	real	_	A	A	_	5	_	_	_
5	uncle	_	N	N	_	3	_	_	_
6	tom	_	^	^	_	0	_	_	_",1,-1
123,. doesnt it always feel like we go into the season with offensive concepts that we inevitably trash and then we get good?,"1	.	_	,	,	_	-1	_	_	_
2	doesnt	_	V	V	_	0	_	_	_
3	it	_	O	O	_	2	_	_	_
4	always	_	R	R	_	2	_	_	_
5	feel	_	V	V	_	2	_	_	_
6	like	_	P	P	_	5	_	_	_
7	we	_	O	O	_	8	_	_	_
8	go	_	V	V	_	6	_	_	_
9	into	_	P	P	_	8	_	_	_
10	the	_	D	D	_	11	_	_	_
11	season	_	N	N	_	9	_	_	_
12	with	_	P	P	_	8	_	_	_
13	offensive	_	A	A	_	14	_	_	_
14	concepts	_	N	N	_	12	_	_	_
15	that	_	P	P	_	14	_	_	_
16	we	_	O	O	_	17	_	_	_
17	inevitably	_	R	R	_	15	_	_	_
18	trash	_	N	N	_	19	CONJ	_	_
19	and	_	&	&	_	20	MWE	_	_
20	then	_	R	R	_	0	_	_	_
21	we	_	O	O	_	22	_	_	_
22	get	_	V	V	_	20	_	_	_
23	good	_	A	A	_	22	_	_	_
24	?	_	,	,	_	-1	_	_	_",1,-1
124,the rich kids of beverly hills is trash and not even entertaining trash. and why do they all look mid thirties?,"1	the	_	D	D	_	3	_	_	_
2	rich	_	A	A	_	3	_	_	_
3	kids	_	N	N	_	7	_	_	_
4	of	_	P	P	_	3	_	_	_
5	beverly	_	^	^	_	6	_	_	_
6	hills	_	N	N	_	4	_	_	_
7	is	_	V	V	_	9	CONJ	_	_
8	trash	_	N	N	_	7	_	_	_
9	and	_	&	&	_	0	_	_	_
10	not	_	R	R	_	12	_	_	_
11	even	_	R	R	_	12	_	_	_
12	entertaining	_	A	A	_	13	_	_	_
13	trash	_	N	N	_	9	CONJ	_	_
14	.	_	,	,	_	-1	_	_	_
15	and	_	&	&	_	0	_	_	_
16	why	_	R	R	_	17	_	_	_
17	do	_	V	V	_	15	CONJ	_	_
18	they	_	O	O	_	20	_	_	_
19	all	_	R	R	_	17	_	_	_
20	look	_	V	V	_	0	_	_	_
21	mid	_	A	A	_	22	_	_	_
22	thirties	_	N	N	_	20	_	_	_
23	?	_	,	,	_	-1	_	_	_",-1,1
125,they should have never gave a cracker a transmitter  will flip when he sees this. ,"1	they	_	O	O	_	2	_	_	_
2	should	_	V	V	_	0	_	_	_
3	have	_	V	V	_	2	_	_	_
4	never	_	R	R	_	3	_	_	_
5	gave	_	V	V	_	3	_	_	_
6	a	_	D	D	_	7	_	_	_
7	cracker	_	N	N	_	5	_	_	_
8	a	_	D	D	_	9	_	_	_
9	transmitter	_	N	N	_	10	_	_	_
10	will	_	V	V	_	5	_	_	_
11	flip	_	V	V	_	10	_	_	_
12	when	_	R	R	_	2	_	_	_
13	he	_	O	O	_	14	_	_	_
14	sees	_	V	V	_	11	_	_	_
15	this	_	O	O	_	14	_	_	_
16	.	_	,	,	_	-1	_	_	_",-1,1
126,  hoes will be hoes .,"1	hoes	_	N	N	_	2	_	_	_
2	will	_	V	V	_	0	_	_	_
3	be	_	V	V	_	2	_	_	_
4	hoes	_	N	N	_	3	_	_	_
5	.	_	,	,	_	-1	_	_	_",-1,1
127,so many bitches in one sentence fixitjesus,"1	so	_	R	R	_	2	_	_	_
2	many	_	A	A	_	3	_	_	_
3	bitches	_	N	N	_	0	_	_	_
4	in	_	P	P	_	0	_	_	_
5	one	_	$	$	_	7	_	_	_
6	sentence	_	N	N	_	7	_	_	_
7	fixitjesus	_	N	N	_	4	_	_	_",-1,1
128,stupid teabagger restaurant making customers pay 'minimum wage fee' ,"1	stupid	_	A	A	_	3	_	_	_
2	teabagger	_	N	N	_	3	_	_	_
3	restaurant	_	N	N	_	4	_	_	_
4	making	_	V	V	_	0	_	_	_
5	customers	_	N	N	_	6	_	_	_
6	pay	_	V	V	_	4	_	_	_
7	'	_	,	,	_	-1	_	_	_
8	minimum	_	A	A	_	10	_	_	_
9	wage	_	N	N	_	10	_	_	_
10	fee	_	N	N	_	6	_	_	_
11	'	_	,	,	_	-1	_	_	_",-1,1
129,   shes one of the ugliest women ive ever seen. cross between a reptile and a crow. ,"1	shes	_	L	L	_	0	_	_	_
2	one	_	$	$	_	1	_	_	_
3	of	_	P	P	_	2	_	_	_
4	the	_	D	D	_	6	_	_	_
5	ugliest	_	A	A	_	6	_	_	_
6	women	_	N	N	_	3	_	_	_
7	ive	_	L	L	_	0	_	_	_
8	ever	_	R	R	_	9	_	_	_
9	seen	_	V	V	_	7	_	_	_
10	.	_	,	,	_	-1	_	_	_
11	cross	_	V	V	_	0	_	_	_
12	between	_	P	P	_	11	_	_	_
13	a	_	D	D	_	14	_	_	_
14	reptile	_	N	N	_	15	CONJ	_	_
15	and	_	&	&	_	12	_	_	_
16	a	_	D	D	_	17	_	_	_
17	crow	_	N	N	_	15	CONJ	_	_
18	.	_	,	,	_	-1	_	_	_",-1,1
130,    you the whitest person on my tl but you always so ghetto. im sick of it,"1	you	_	O	O	_	3	_	_	_
2	the	_	D	D	_	4	_	_	_
3	whitest	_	A	A	_	4	_	_	_
4	person	_	N	N	_	8	CONJ	_	_
5	on	_	P	P	_	4	_	_	_
6	my	_	D	D	_	7	_	_	_
7	tl	_	N	N	_	5	_	_	_
8	but	_	&	&	_	0	_	_	_
9	you	_	O	O	_	8	CONJ	_	_
10	always	_	R	R	_	12	_	_	_
11	so	_	R	R	_	12	_	_	_
12	ghetto	_	A	A	_	8	CONJ	_	_
13	.	_	,	,	_	-1	_	_	_
14	im	_	L	L	_	0	_	_	_
15	sick	_	A	A	_	14	_	_	_
16	of	_	P	P	_	15	_	_	_
17	it	_	O	O	_	16	_	_	_",-1,1
131,   man some lame niggah when i find him i'm unfollowing tf out his ass,"1	man	_	!	!	_	0	_	_	_
2	some	_	D	D	_	4	_	_	_
3	lame	_	A	A	_	4	_	_	_
4	niggah	_	N	N	_	0	_	_	_
5	when	_	R	R	_	0	_	_	_
6	i	_	O	O	_	7	_	_	_
7	find	_	V	V	_	5	_	_	_
8	him	_	O	O	_	7	_	_	_
9	i'm	_	L	L	_	5	_	_	_
10	unfollowing	_	V	V	_	9	_	_	_
11	tf	_	V	V	_	10	_	_	_
12	out	_	P	P	_	11	_	_	_
13	his	_	D	D	_	14	_	_	_
14	ass	_	N	N	_	12	_	_	_",-1,1
132,when i was in 6th grade it was a lil bitch at my school in 5th and she was pregnant like wtf i barely new what pussy looked like that young,"1	when	_	R	R	_	3	_	_	_
2	i	_	O	O	_	3	_	_	_
3	was	_	V	V	_	0	_	_	_
4	in	_	P	P	_	3	_	_	_
5	6th	_	A	A	_	6	_	_	_
6	grade	_	N	N	_	4	_	_	_
7	it	_	O	O	_	8	_	_	_
8	was	_	V	V	_	17	CONJ	_	_
9	a	_	D	D	_	11	_	_	_
10	lil	_	A	A	_	11	_	_	_
11	bitch	_	N	N	_	8	_	_	_
12	at	_	P	P	_	8	_	_	_
13	my	_	D	D	_	14	_	_	_
14	school	_	N	N	_	12	_	_	_
15	in	_	P	P	_	14	_	_	_
16	5th	_	A	A	_	15	_	_	_
17	and	_	&	&	_	1	_	_	_
18	she	_	O	O	_	19	_	_	_
19	was	_	V	V	_	17	CONJ	_	_
20	pregnant	_	A	A	_	19	_	_	_
21	like	_	P	P	_	20	_	_	_
22	wtf	_	!	!	_	21	_	_	_
23	i	_	O	O	_	25	_	_	_
24	barely	_	R	R	_	25	_	_	_
25	new	_	A	A	_	0	_	_	_
26	what	_	O	O	_	25	_	_	_
27	pussy	_	N	N	_	28	_	_	_
28	looked	_	V	V	_	26	_	_	_
29	like	_	P	P	_	28	_	_	_
30	that	_	D	D	_	29	_	_	_
31	young	_	A	A	_	30	_	_	_",1,-1
133,yo bitch on my dick she come to my crib she get passed around no love,"1	yo	_	D	D	_	2	_	_	_
2	bitch	_	N	N	_	0	_	_	_
3	on	_	P	P	_	2	_	_	_
4	my	_	D	D	_	5	_	_	_
5	dick	_	N	N	_	3	_	_	_
6	she	_	O	O	_	7	_	_	_
7	come	_	V	V	_	0	_	_	_
8	to	_	P	P	_	7	_	_	_
9	my	_	D	D	_	10	_	_	_
10	crib	_	N	N	_	8	_	_	_
11	she	_	O	O	_	12	_	_	_
12	get	_	V	V	_	10	_	_	_
13	passed	_	V	V	_	12	_	_	_
14	around	_	P	P	_	13	_	_	_
15	no	_	D	D	_	16	_	_	_
16	love	_	N	N	_	14	_	_	_",-1,1
134,"gotta tip for the monogamous niggas, yo bitch fuckin' anonymous nigga.","1	gotta	_	V	V	_	0	_	_	_
2	tip	_	N	N	_	1	_	_	_
3	for	_	P	P	_	2	_	_	_
4	the	_	D	D	_	6	_	_	_
5	monogamous	_	A	A	_	6	_	_	_
6	niggas	_	N	N	_	3	_	_	_
7	,	_	,	,	_	-1	_	_	_
8	yo	_	D	D	_	9	_	_	_
9	bitch	_	N	N	_	10	_	_	_
10	fuckin	_	V	V	_	0	_	_	_
11	'	_	,	,	_	-1	_	_	_
12	anonymous	_	A	A	_	13	_	_	_
13	nigga	_	N	N	_	10	_	_	_
14	.	_	,	,	_	-1	_	_	_",1,-1
135,sitting at the bar at work watching walking dead and all these fucking wetbacks decide to come in ; turn on their spic music. jesus christ,"1	sitting	_	V	V	_	0	_	_	_
2	at	_	P	P	_	1	_	_	_
3	the	_	D	D	_	4	_	_	_
4	bar	_	N	N	_	2	_	_	_
5	at	_	P	P	_	1	_	_	_
6	work	_	N	N	_	5	_	_	_
7	watching	_	V	V	_	10	CONJ	_	_
8	walking	_	V	V	_	7	_	_	_
9	dead	_	A	A	_	8	_	_	_
10	and	_	&	&	_	4	_	_	_
11	all	_	D	D	_	12	_	_	_
12	these	_	D	D	_	14	_	_	_
13	fucking	_	A	A	_	14	_	_	_
14	wetbacks	_	N	N	_	15	_	_	_
15	decide	_	V	V	_	10	CONJ	_	_
16	to	_	P	P	_	15	_	_	_
17	come	_	V	V	_	16	_	_	_
18	in	_	P	P	_	17	_	_	_
19	;	_	,	,	_	-1	_	_	_
20	turn	_	V	V	_	0	_	_	_
21	on	_	P	P	_	20	_	_	_
22	their	_	D	D	_	24	_	_	_
23	spic	_	N	N	_	24	_	_	_
24	music	_	N	N	_	21	_	_	_
25	.	_	,	,	_	-1	_	_	_
26	jesus	_	^	^	_	27	MWE	_	_
27	christ	_	^	^	_	0	_	_	_",-1,1
136,literally  fat hoes hold a nigga down,"1	literally	_	R	R	_	2	_	_	_
2	fat	_	A	A	_	3	_	_	_
3	hoes	_	N	N	_	4	_	_	_
4	hold	_	V	V	_	0	_	_	_
5	a	_	D	D	_	6	_	_	_
6	nigga	_	N	N	_	4	_	_	_
7	down	_	P	P	_	4	_	_	_",1,-1
137,  if my tweets offend you:1. stop being a sensitive pussy2. fuck your feelings,"1	if	_	P	P	_	9	_	_	_
2	my	_	D	D	_	3	_	_	_
3	tweets	_	N	N	_	4	_	_	_
4	offend	_	V	V	_	1	_	_	_
5	you	_	O	O	_	4	_	_	_
6	:	_	,	,	_	-1	_	_	_
7	1	_	$	$	_	4	_	_	_
8	.	_	,	,	_	-1	_	_	_
9	stop	_	V	V	_	0	_	_	_
10	being	_	V	V	_	9	_	_	_
11	a	_	D	D	_	13	_	_	_
12	sensitive	_	A	A	_	13	_	_	_
13	pussy2	_	N	N	_	10	_	_	_
14	.	_	,	,	_	-1	_	_	_
15	fuck	_	V	V	_	0	_	_	_
16	your	_	D	D	_	17	_	_	_
17	feelings	_	N	N	_	15	_	_	_",1,-1
138,  i think most men cheat because they're addicted to that new pussy smell.,"1	i	_	O	O	_	2	_	_	_
2	think	_	V	V	_	0	_	_	_
3	most	_	A	A	_	4	_	_	_
4	men	_	N	N	_	5	_	_	_
5	cheat	_	V	V	_	2	_	_	_
6	because	_	P	P	_	5	_	_	_
7	they're	_	L	L	_	6	_	_	_
8	addicted	_	A	A	_	7	_	_	_
9	to	_	P	P	_	8	_	_	_
10	that	_	D	D	_	13	_	_	_
11	new	_	A	A	_	13	_	_	_
12	pussy	_	N	N	_	13	_	_	_
13	smell	_	N	N	_	9	_	_	_
14	.	_	,	,	_	-1	_	_	_",1,-1
139,you a hoe if you crying because yo ass pregnant. it was all smiles while you was riding that dick bitch.,"1	you	_	O	O	_	0	_	_	_
2	a	_	D	D	_	3	_	_	_
3	hoe	_	N	N	_	1	_	_	_
4	if	_	P	P	_	13	_	_	_
5	you	_	O	O	_	6	_	_	_
6	crying	_	V	V	_	4	_	_	_
7	because	_	P	P	_	6	_	_	_
8	yo	_	D	D	_	9	_	_	_
9	ass	_	N	N	_	7	_	_	_
10	pregnant	_	A	A	_	9	_	_	_
11	.	_	,	,	_	-1	_	_	_
12	it	_	O	O	_	13	_	_	_
13	was	_	V	V	_	0	_	_	_
14	all	_	D	D	_	15	_	_	_
15	smiles	_	V	V	_	13	_	_	_
16	while	_	P	P	_	15	_	_	_
17	you	_	O	O	_	18	_	_	_
18	was	_	V	V	_	16	_	_	_
19	riding	_	V	V	_	18	_	_	_
20	that	_	D	D	_	22	_	_	_
21	dick	_	N	N	_	22	_	_	_
22	bitch	_	N	N	_	19	_	_	_
23	.	_	,	,	_	-1	_	_	_",-1,1
140,what's so good about prom? all i see is another faggot ass high school dance.,"1	what's	_	L	L	_	0	_	_	_
2	so	_	R	R	_	3	_	_	_
3	good	_	A	A	_	1	_	_	_
4	about	_	P	P	_	3	_	_	_
5	prom	_	N	N	_	4	_	_	_
6	?	_	,	,	_	-1	_	_	_
7	all	_	D	D	_	8	_	_	_
8	i	_	O	O	_	9	_	_	_
9	see	_	V	V	_	0	_	_	_
10	is	_	V	V	_	9	_	_	_
11	another	_	D	D	_	13	_	_	_
12	faggot	_	N	N	_	13	_	_	_
13	ass	_	N	N	_	10	_	_	_
14	high	_	A	A	_	16	_	_	_
15	school	_	N	N	_	16	MWE	_	_
16	dance	_	N	N	_	10	_	_	_
17	.	_	,	,	_	-1	_	_	_",-1,1
141,  keys open doors when them keys is albino,"1	keys	_	N	N	_	2	_	_	_
2	open	_	V	V	_	0	_	_	_
3	doors	_	N	N	_	2	_	_	_
4	when	_	R	R	_	2	_	_	_
5	them	_	D	D	_	6	_	_	_
6	keys	_	N	N	_	7	_	_	_
7	is	_	V	V	_	4	_	_	_
8	albino	_	A	A	_	7	_	_	_",1,-1
142,slow replies make me feel like a retard and i just want to put my foot through a wall... hjhdyhdhlgjdftilh,"1	slow	_	A	A	_	2	_	_	_
2	replies	_	N	N	_	3	_	_	_
3	make	_	V	V	_	0	_	_	_
4	me	_	O	O	_	3	_	_	_
5	feel	_	V	V	_	3	_	_	_
6	like	_	P	P	_	5	_	_	_
7	a	_	D	D	_	8	_	_	_
8	retard	_	N	N	_	9	CONJ	_	_
9	and	_	&	&	_	6	_	_	_
10	i	_	O	O	_	12	_	_	_
11	just	_	R	R	_	12	_	_	_
12	want	_	V	V	_	9	CONJ	_	_
13	to	_	P	P	_	12	_	_	_
14	put	_	V	V	_	13	_	_	_
15	my	_	D	D	_	16	_	_	_
16	foot	_	N	N	_	14	_	_	_
17	through	_	P	P	_	14	_	_	_
18	a	_	D	D	_	19	_	_	_
19	wall	_	N	N	_	17	_	_	_
20	...	_	,	,	_	-1	_	_	_
21	hjhdyhdhlgjdftilh	_	!	!	_	0	_	_	_",-1,1
143,  y'all gotta stop pumping these ugly hoes heads up ,"1	y'all	_	O	O	_	2	_	_	_
2	gotta	_	V	V	_	0	_	_	_
3	stop	_	V	V	_	2	_	_	_
4	pumping	_	V	V	_	3	_	_	_
5	these	_	D	D	_	7	_	_	_
6	ugly	_	A	A	_	7	_	_	_
7	hoes	_	N	N	_	4	_	_	_
8	heads	_	V	V	_	4	_	_	_
9	up	_	T	T	_	8	MWE	_	_",1,-1
144,only lesbians get their nips pierced ew,"1	only	_	A	A	_	2	_	_	_
2	lesbians	_	N	N	_	3	_	_	_
3	get	_	V	V	_	0	_	_	_
4	their	_	D	D	_	5	_	_	_
5	nips	_	N	N	_	6	_	_	_
6	pierced	_	V	V	_	3	_	_	_
7	ew	_	!	!	_	0	_	_	_",-1,1
145,some lying ass hoes lol,"1	some	_	D	D	_	2	_	_	_
2	lying	_	V	V	_	0	_	_	_
3	ass	_	N	N	_	4	_	_	_
4	hoes	_	N	N	_	2	_	_	_
5	lol	_	!	!	_	0	_	_	_",-1,1
146,why is this thirsty white basic ass bitch still talking to me gtfo,"1	why	_	R	R	_	2	_	_	_
2	is	_	V	V	_	0	_	_	_
3	this	_	D	D	_	8	_	_	_
4	thirsty	_	A	A	_	8	_	_	_
5	white	_	A	A	_	8	_	_	_
6	basic	_	A	A	_	8	_	_	_
7	ass	_	N	N	_	8	_	_	_
8	bitch	_	N	N	_	2	_	_	_
9	still	_	R	R	_	10	_	_	_
10	talking	_	V	V	_	8	_	_	_
11	to	_	P	P	_	10	_	_	_
12	me	_	O	O	_	11	_	_	_
13	gtfo	_	!	!	_	0	_	_	_",1,-1
147,but why did this bitch just follow me...don't even like u ,"1	but	_	&	&	_	3	_	_	_
2	why	_	R	R	_	3	_	_	_
3	did	_	V	V	_	0	_	_	_
4	this	_	D	D	_	5	_	_	_
5	bitch	_	N	N	_	3	_	_	_
6	just	_	R	R	_	7	_	_	_
7	follow	_	V	V	_	3	_	_	_
8	me	_	O	O	_	7	_	_	_
9	...	_	,	,	_	-1	_	_	_
10	don't	_	V	V	_	0	_	_	_
11	even	_	R	R	_	10	_	_	_
12	like	_	V	V	_	11	_	_	_
13	u	_	O	O	_	12	_	_	_",1,-1
148, i'll bitch slap you to the shadow realm,"1	i'll	_	L	L	_	0	_	_	_
2	bitch	_	N	N	_	3	_	_	_
3	slap	_	V	V	_	0	_	_	_
4	you	_	O	O	_	3	_	_	_
5	to	_	P	P	_	3	_	_	_
6	the	_	D	D	_	8	_	_	_
7	shadow	_	N	N	_	8	_	_	_
8	realm	_	N	N	_	5	_	_	_",1,-1
149,uncle tom hypocrite ,"1	uncle	_	N	N	_	3	_	_	_
2	tom	_	^	^	_	3	_	_	_
3	hypocrite	_	N	N	_	0	_	_	_",-1,1
150,   these niggaz bare backing any and every bitch out here,"1	these	_	D	D	_	2	_	_	_
2	niggaz	_	N	N	_	4	_	_	_
3	bare	_	A	A	_	4	_	_	_
4	backing	_	V	V	_	0	_	_	_
5	any	_	D	D	_	6	_	_	_
6	and	_	&	&	_	4	_	_	_
7	every	_	D	D	_	8	_	_	_
8	bitch	_	N	N	_	6	CONJ	_	_
9	out	_	P	P	_	4	_	_	_
10	here	_	R	R	_	9	_	_	_",1,-1
151,"' if you get yo girl took don't be mad at the niggah who did it  be mad at her , cause he don't owe you loyalty , she does .","1	'	_	,	,	_	-1	_	_	_
2	if	_	P	P	_	0	_	_	_
3	you	_	O	O	_	4	_	_	_
4	get	_	V	V	_	2	_	_	_
5	yo	_	D	D	_	6	_	_	_
6	girl	_	N	N	_	7	_	_	_
7	took	_	V	V	_	4	_	_	_
8	don't	_	V	V	_	7	_	_	_
9	be	_	V	V	_	8	_	_	_
10	mad	_	A	A	_	9	_	_	_
11	at	_	P	P	_	10	_	_	_
12	the	_	D	D	_	13	_	_	_
13	niggah	_	N	N	_	11	_	_	_
14	who	_	O	O	_	15	_	_	_
15	did	_	V	V	_	13	_	_	_
16	it	_	O	O	_	15	_	_	_
17	be	_	V	V	_	15	_	_	_
18	mad	_	A	A	_	17	_	_	_
19	at	_	P	P	_	17	_	_	_
20	her	_	O	O	_	19	_	_	_
21	,	_	,	,	_	-1	_	_	_
22	cause	_	P	P	_	30	_	_	_
23	he	_	O	O	_	24	_	_	_
24	don't	_	V	V	_	22	_	_	_
25	owe	_	V	V	_	24	_	_	_
26	you	_	O	O	_	25	_	_	_
27	loyalty	_	N	N	_	25	_	_	_
28	,	_	,	,	_	-1	_	_	_
29	she	_	O	O	_	30	_	_	_
30	does	_	V	V	_	0	_	_	_
31	.	_	,	,	_	-1	_	_	_",1,-1
152,we hate you too lil nicca lol   i hate the steelers dawg,"1	we	_	O	O	_	2	_	_	_
2	hate	_	V	V	_	0	_	_	_
3	you	_	O	O	_	2	_	_	_
4	too	_	R	R	_	5	_	_	_
5	lil	_	A	A	_	6	_	_	_
6	nicca	_	N	N	_	2	_	_	_
7	lol	_	!	!	_	0	_	_	_
8	i	_	O	O	_	9	_	_	_
9	hate	_	V	V	_	0	_	_	_
10	the	_	D	D	_	12	_	_	_
11	steelers	_	^	^	_	12	_	_	_
12	dawg	_	N	N	_	9	_	_	_",-1,1
153,commence carpet bombing all iraq soldiers in this video  executed by jihadis from tunis ,"1	commence	_	V	V	_	0	_	_	_
2	carpet	_	N	N	_	1	_	_	_
3	bombing	_	V	V	_	1	_	_	_
4	all	_	D	D	_	6	_	_	_
5	iraq	_	^	^	_	6	_	_	_
6	soldiers	_	N	N	_	3	_	_	_
7	in	_	P	P	_	3	_	_	_
8	this	_	D	D	_	9	_	_	_
9	video	_	N	N	_	7	_	_	_
10	executed	_	V	V	_	0	_	_	_
11	by	_	P	P	_	10	_	_	_
12	jihadis	_	^	^	_	11	_	_	_
13	from	_	P	P	_	10	_	_	_
14	tunis	_	^	^	_	13	_	_	_",-1,1
154,you state it gook,"1	you	_	O	O	_	2	_	_	_
2	state	_	V	V	_	0	_	_	_
3	it	_	O	O	_	2	_	_	_
4	gook	_	N	N	_	2	_	_	_",-1,1
155,this niggah know wassup,"1	this	_	D	D	_	2	_	_	_
2	niggah	_	N	N	_	3	_	_	_
3	know	_	V	V	_	0	_	_	_
4	wassup	_	!	!	_	0	_	_	_",-1,1
156,lmao   harden look like the last air bender out this bitch. ,"1	lmao	_	!	!	_	0	_	_	_
2	harden	_	^	^	_	3	_	_	_
3	look	_	V	V	_	0	_	_	_
4	like	_	P	P	_	3	_	_	_
5	the	_	D	D	_	8	_	_	_
6	last	_	A	A	_	8	_	_	_
7	air	_	N	N	_	8	_	_	_
8	bender	_	N	N	_	4	_	_	_
9	out	_	P	P	_	3	_	_	_
10	this	_	D	D	_	11	_	_	_
11	bitch	_	N	N	_	9	_	_	_
12	.	_	,	,	_	-1	_	_	_",1,-1
157,"  black girls have never been into me. i guess cause i don't call them hoes, sell drug's or shoot niggas o well.","1	black	_	A	A	_	2	_	_	_
2	girls	_	N	N	_	3	_	_	_
3	have	_	V	V	_	0	_	_	_
4	never	_	R	R	_	3	_	_	_
5	been	_	V	V	_	3	_	_	_
6	into	_	P	P	_	5	_	_	_
7	me	_	O	O	_	6	_	_	_
8	.	_	,	,	_	-1	_	_	_
9	i	_	O	O	_	10	_	_	_
10	guess	_	V	V	_	0	_	_	_
11	cause	_	P	P	_	10	_	_	_
12	i	_	O	O	_	13	_	_	_
13	don't	_	V	V	_	11	_	_	_
14	call	_	V	V	_	13	_	_	_
15	them	_	D	D	_	16	_	_	_
16	hoes	_	N	N	_	14	_	_	_
17	,	_	,	,	_	-1	_	_	_
18	sell	_	V	V	_	20	CONJ	_	_
19	drug's	_	N	N	_	18	_	_	_
20	or	_	&	&	_	4	_	_	_
21	shoot	_	V	V	_	20	CONJ	_	_
22	niggas	_	N	N	_	21	_	_	_
23	o	_	P	P	_	21	_	_	_
24	well	_	!	!	_	23	_	_	_
25	.	_	,	,	_	-1	_	_	_",-1,1
158,fluffy is a retard homeboy is calling a baby rattlesnake friend and kissing him baby rattlers will kill you man  ,"1	fluffy	_	A	A	_	2	_	_	_
2	is	_	V	V	_	0	_	_	_
3	a	_	D	D	_	5	_	_	_
4	retard	_	N	N	_	5	_	_	_
5	homeboy	_	N	N	_	6	_	_	_
6	is	_	V	V	_	12	CONJ	_	_
7	calling	_	V	V	_	6	_	_	_
8	a	_	D	D	_	11	_	_	_
9	baby	_	N	N	_	11	_	_	_
10	rattlesnake	_	N	N	_	11	_	_	_
11	friend	_	N	N	_	7	_	_	_
12	and	_	&	&	_	2	_	_	_
13	kissing	_	V	V	_	12	CONJ	_	_
14	him	_	D	D	_	15	_	_	_
15	baby	_	N	N	_	16	_	_	_
16	rattlers	_	N	N	_	17	_	_	_
17	will	_	V	V	_	0	_	_	_
18	kill	_	V	V	_	17	_	_	_
19	you	_	O	O	_	18	_	_	_
20	man	_	N	N	_	18	_	_	_",1,-1
159,  why is arizona hot as hell and then literally 5 minutes later it's fuckin hurricane katrina up in this bitch,"1	why	_	R	R	_	2	_	_	_
2	is	_	V	V	_	7	CONJ	_	_
3	arizona	_	^	^	_	2	_	_	_
4	hot	_	A	A	_	2	_	_	_
5	as	_	P	P	_	4	_	_	_
6	hell	_	N	N	_	5	_	_	_
7	and	_	&	&	_	0	_	_	_
8	then	_	R	R	_	7	_	_	_
9	literally	_	R	R	_	11	_	_	_
10	5	_	$	$	_	11	_	_	_
11	minutes	_	N	N	_	8	_	_	_
12	later	_	R	R	_	11	_	_	_
13	it's	_	L	L	_	0	_	_	_
14	fuckin	_	A	A	_	15	_	_	_
15	hurricane	_	N	N	_	13	_	_	_
16	katrina	_	^	^	_	13	_	_	_
17	up	_	T	T	_	16	_	_	_
18	in	_	P	P	_	13	_	_	_
19	this	_	D	D	_	20	_	_	_
20	bitch	_	N	N	_	18	_	_	_",1,-1
160,  too many faggots on here that think they can address me by my first name,"1	too	_	R	R	_	2	_	_	_
2	many	_	A	A	_	3	_	_	_
3	faggots	_	N	N	_	0	_	_	_
4	on	_	P	P	_	3	_	_	_
5	here	_	R	R	_	4	_	_	_
6	that	_	O	O	_	7	_	_	_
7	think	_	V	V	_	0	_	_	_
8	they	_	O	O	_	9	_	_	_
9	can	_	V	V	_	7	_	_	_
10	address	_	V	V	_	9	_	_	_
11	me	_	O	O	_	10	_	_	_
12	by	_	P	P	_	10	_	_	_
13	my	_	D	D	_	15	_	_	_
14	first	_	A	A	_	15	_	_	_
15	name	_	N	N	_	12	_	_	_",-1,1
161,"  i cant wait till u ; ya boyfriend break up, that nigga act like he own the pussy","1	i	_	O	O	_	2	_	_	_
2	cant	_	V	V	_	0	_	_	_
3	wait	_	V	V	_	2	_	_	_
4	till	_	P	P	_	3	_	_	_
5	u	_	O	O	_	4	_	_	_
6	;	_	,	,	_	-1	_	_	_
7	ya	_	D	D	_	8	_	_	_
8	boyfriend	_	N	N	_	9	_	_	_
9	break	_	V	V	_	0	_	_	_
10	up	_	T	T	_	9	MWE	_	_
11	,	_	,	,	_	-1	_	_	_
12	that	_	D	D	_	13	_	_	_
13	nigga	_	N	N	_	14	_	_	_
14	act	_	V	V	_	0	_	_	_
15	like	_	P	P	_	14	_	_	_
16	he	_	O	O	_	17	_	_	_
17	own	_	V	V	_	15	_	_	_
18	the	_	D	D	_	19	_	_	_
19	pussy	_	N	N	_	17	_	_	_",1,-1
162,in real life and online i follow that. sorry folks but just cause i look like a border hopper don't mean i am one. born and raised here,"1	in	_	P	P	_	7	_	_	_
2	real	_	A	A	_	3	_	_	_
3	life	_	N	N	_	4	CONJ	_	_
4	and	_	&	&	_	1	_	_	_
5	online	_	A	A	_	4	CONJ	_	_
6	i	_	O	O	_	7	_	_	_
7	follow	_	V	V	_	0	_	_	_
8	that	_	O	O	_	7	_	_	_
9	.	_	,	,	_	-1	_	_	_
10	sorry	_	A	A	_	11	_	_	_
11	folks	_	N	N	_	12	CONJ	_	_
12	but	_	&	&	_	0	_	_	_
13	just	_	R	R	_	14	_	_	_
14	cause	_	P	P	_	12	_	_	_
15	i	_	O	O	_	16	_	_	_
16	look	_	V	V	_	14	_	_	_
17	like	_	P	P	_	16	_	_	_
18	a	_	D	D	_	20	_	_	_
19	border	_	N	N	_	20	_	_	_
20	hopper	_	N	N	_	21	_	_	_
21	don't	_	V	V	_	17	_	_	_
22	mean	_	V	V	_	21	_	_	_
23	i	_	O	O	_	24	_	_	_
24	am	_	V	V	_	22	_	_	_
25	one	_	$	$	_	24	_	_	_
26	.	_	,	,	_	-1	_	_	_
27	born	_	V	V	_	28	CONJ	_	_
28	and	_	&	&	_	13	_	_	_
29	raised	_	V	V	_	28	CONJ	_	_
30	here	_	R	R	_	29	_	_	_",-1,1
163,go get left in a hot car and die bitch,"1	go	_	V	V	_	8	CONJ	_	_
2	get	_	V	V	_	1	_	_	_
3	left	_	V	V	_	2	_	_	_
4	in	_	P	P	_	3	_	_	_
5	a	_	D	D	_	7	_	_	_
6	hot	_	A	A	_	7	_	_	_
7	car	_	N	N	_	4	_	_	_
8	and	_	&	&	_	0	_	_	_
9	die	_	V	V	_	8	CONJ	_	_
10	bitch	_	N	N	_	9	_	_	_",-1,1
164,   is you a girl or a guy is you my mom or is you my dad ? im a butch dyke,"1	is	_	V	V	_	0	_	_	_
2	you	_	O	O	_	1	_	_	_
3	a	_	D	D	_	4	_	_	_
4	girl	_	N	N	_	5	CONJ	_	_
5	or	_	&	&	_	2	_	_	_
6	a	_	D	D	_	7	_	_	_
7	guy	_	N	N	_	12	CONJ	_	_
8	is	_	V	V	_	12	CONJ	_	_
9	you	_	O	O	_	8	_	_	_
10	my	_	D	D	_	11	_	_	_
11	mom	_	N	N	_	8	_	_	_
12	or	_	&	&	_	5	COORD	_	_
13	is	_	V	V	_	12	CONJ	_	_
14	you	_	O	O	_	13	_	_	_
15	my	_	D	D	_	16	_	_	_
16	dad	_	N	N	_	13	_	_	_
17	?	_	,	,	_	-1	_	_	_
18	im	_	L	L	_	0	_	_	_
19	a	_	D	D	_	21	_	_	_
20	butch	_	^	^	_	21	_	_	_
21	dyke	_	N	N	_	18	_	_	_",-1,1
165,  you have a new boyfriend every week.. tf you doin hoe?,"1	you	_	O	O	_	2	_	_	_
2	have	_	V	V	_	0	_	_	_
3	a	_	D	D	_	5	_	_	_
4	new	_	A	A	_	5	_	_	_
5	boyfriend	_	N	N	_	2	_	_	_
6	every	_	D	D	_	7	_	_	_
7	week	_	N	N	_	2	_	_	_
8	..	_	,	,	_	-1	_	_	_
9	tf	_	!	!	_	0	_	_	_
10	you	_	O	O	_	11	_	_	_
11	doin	_	V	V	_	0	_	_	_
12	hoe	_	N	N	_	11	_	_	_
13	?	_	,	,	_	-1	_	_	_",-1,1
166,fat bitches fat bitches heeeey,"1	fat	_	A	A	_	2	_	_	_
2	bitches	_	N	N	_	0	_	_	_
3	fat	_	A	A	_	4	_	_	_
4	bitches	_	N	N	_	0	_	_	_
5	heeeey	_	!	!	_	0	_	_	_",-1,1
167, on my way to fuck your bitch  kittycopter,"1	on	_	P	P	_	0	_	_	_
2	my	_	D	D	_	3	_	_	_
3	way	_	N	N	_	1	_	_	_
4	to	_	P	P	_	3	_	_	_
5	fuck	_	V	V	_	4	_	_	_
6	your	_	D	D	_	7	_	_	_
7	bitch	_	N	N	_	5	_	_	_
8	kittycopter	_	G	G	_	-1	_	_	_",1,-1
168,  you got niggas ; i got bitches but i want you... ,"1	you	_	O	O	_	2	_	_	_
2	got	_	V	V	_	0	_	_	_
3	niggas	_	N	N	_	2	_	_	_
4	;	_	,	,	_	-1	_	_	_
5	i	_	O	O	_	6	_	_	_
6	got	_	V	V	_	8	CONJ	_	_
7	bitches	_	N	N	_	6	_	_	_
8	but	_	&	&	_	0	_	_	_
9	i	_	O	O	_	10	_	_	_
10	want	_	V	V	_	8	CONJ	_	_
11	you	_	O	O	_	10	_	_	_
12	...	_	,	,	_	-1	_	_	_",-1,1
169,this nigglet ,"1	this	_	D	D	_	2	_	_	_
2	nigglet	_	N	N	_	0	_	_	_",-1,1
170,stupid white people making my posts relevant to they own life stupid cousintoucher honkie whitetrash blonde,"1	stupid	_	A	A	_	3	_	_	_
2	white	_	A	A	_	3	_	_	_
3	people	_	N	N	_	4	_	_	_
4	making	_	V	V	_	0	_	_	_
5	my	_	D	D	_	6	_	_	_
6	posts	_	N	N	_	4	_	_	_
7	relevant	_	A	A	_	4	_	_	_
8	to	_	P	P	_	7	_	_	_
9	they	_	O	O	_	8	_	_	_
10	own	_	A	A	_	14	_	_	_
11	life	_	N	N	_	14	_	_	_
12	stupid	_	A	A	_	14	_	_	_
13	cousintoucher	_	N	N	_	14	_	_	_
14	honkie	_	N	N	_	4	_	_	_
15	whitetrash	_	G	G	_	0	_	_	_
16	blonde	_	A	A	_	14	_	_	_",-1,1
171,my auto correct makes me sound so fob,"1	my	_	D	D	_	2	_	_	_
2	auto	_	N	N	_	4	_	_	_
3	correct	_	A	A	_	2	_	_	_
4	makes	_	V	V	_	0	_	_	_
5	me	_	O	O	_	4	_	_	_
6	sound	_	V	V	_	4	_	_	_
7	so	_	P	P	_	6	_	_	_
8	fob	_	N	N	_	6	_	_	_",1,-1
172,  never go full retard ,"1	never	_	R	R	_	2	_	_	_
2	go	_	V	V	_	0	_	_	_
3	full	_	A	A	_	4	_	_	_
4	retard	_	N	N	_	2	_	_	_",-1,1
173,nah fuck bungie they ain't givng me nno drops. stingy ass niggas.   you trash at destiny if you aint at least 25,"1	nah	_	!	!	_	0	_	_	_
2	fuck	_	V	V	_	0	_	_	_
3	bungie	_	^	^	_	2	_	_	_
4	they	_	O	O	_	5	_	_	_
5	ain't	_	V	V	_	2	_	_	_
6	givng	_	V	V	_	5	_	_	_
7	me	_	O	O	_	6	_	_	_
8	nno	_	R	R	_	9	_	_	_
9	drops	_	V	V	_	6	_	_	_
10	.	_	,	,	_	-1	_	_	_
11	stingy	_	A	A	_	13	_	_	_
12	ass	_	N	N	_	13	_	_	_
13	niggas	_	N	N	_	0	_	_	_
14	.	_	,	,	_	-1	_	_	_
15	you	_	O	O	_	16	_	_	_
16	trash	_	N	N	_	0	_	_	_
17	at	_	P	P	_	16	_	_	_
18	destiny	_	N	N	_	17	_	_	_
19	if	_	P	P	_	16	_	_	_
20	you	_	O	O	_	21	_	_	_
21	aint	_	V	V	_	19	_	_	_
22	at	_	P	P	_	24	_	_	_
23	least	_	A	A	_	24	_	_	_
24	25	_	$	$	_	21	_	_	_",1,-1
